date,geo,unemployment_rate
1976-01-01,Alberta,4.3
1976-02-01,Alberta,3.7
1976-03-01,Alberta,3.8
1976-04-01,Alberta,3.5
1976-05-01,Alberta,4.2
1976-06-01,Alberta,3.8
1976-07-01,Alberta,3.7
1976-08-01,Alberta,3.7
1976-09-01,Alberta,3.8
1976-10-01,Alberta,4.0
1976-11-01,Alberta,4.0
1976-12-01,Alberta,4.2
1977-01-01,Alberta,4.6
1977-02-01,Alberta,4.3
1977-03-01,Alberta,4.6
1977-04-01,Alberta,4.0
1977-05-01,Alberta,4.5
1977-06-01,Alberta,4.1
1977-07-01,Alberta,4.3
1977-08-01,Alberta,4.3
1977-09-01,Alberta,4.5
1977-10-01,Alberta,4.6
1977-11-01,Alberta,5.0
1977-12-01,Alberta,4.9
1978-01-01,Alberta,4.7
1978-02-01,Alberta,5.0
1978-03-01,Alberta,4.9
1978-04-01,Alberta,4.7
1978-05-01,Alberta,4.7
1978-06-01,Alberta,4.7
1978-07-01,Alberta,4.6
1978-08-01,Alberta,4.8
1978-09-01,Alberta,5.1
1978-10-01,Alberta,4.9
1978-11-01,Alberta,4.6
1978-12-01,Alberta,4.3
1979-01-01,Alberta,4.1
1979-02-01,Alberta,4.4
1979-03-01,Alberta,3.9
1979-04-01,Alberta,4.4
1979-05-01,Alberta,4.0
1979-06-01,Alberta,4.0
1979-07-01,Alberta,3.8
1979-08-01,Alberta,3.8
1979-09-01,Alberta,3.8
1979-10-01,Alberta,3.7
1979-11-01,Alberta,3.8
1979-12-01,Alberta,3.9
1980-01-01,Alberta,4.2
1980-02-01,Alberta,4.1
1980-03-01,Alberta,3.8
1980-04-01,Alberta,3.8
1980-05-01,Alberta,3.8
1980-06-01,Alberta,4.0
1980-07-01,Alberta,3.8
1980-08-01,Alberta,4.0
1980-09-01,Alberta,3.7
1980-10-01,Alberta,3.7
1980-11-01,Alberta,3.7
1980-12-01,Alberta,3.8
1981-01-01,Alberta,4.0
1981-02-01,Alberta,4.1
1981-03-01,Alberta,4.1
1981-04-01,Alberta,3.6
1981-05-01,Alberta,3.4
1981-06-01,Alberta,3.3
1981-07-01,Alberta,3.4
1981-08-01,Alberta,3.3
1981-09-01,Alberta,3.7
1981-10-01,Alberta,4.2
1981-11-01,Alberta,4.9
1981-12-01,Alberta,4.6
1982-01-01,Alberta,5.2
1982-02-01,Alberta,5.1
1982-03-01,Alberta,5.7
1982-04-01,Alberta,6.5
1982-05-01,Alberta,7.1
1982-06-01,Alberta,7.8
1982-07-01,Alberta,8.3
1982-08-01,Alberta,8.1
1982-09-01,Alberta,9.3
1982-10-01,Alberta,9.6
1982-11-01,Alberta,10.0
1982-12-01,Alberta,10.3
1983-01-01,Alberta,10.6
1983-02-01,Alberta,10.9
1983-03-01,Alberta,11.2
1983-04-01,Alberta,10.9
1983-05-01,Alberta,11.3
1983-06-01,Alberta,11.4
1983-07-01,Alberta,11.5
1983-08-01,Alberta,11.0
1983-09-01,Alberta,10.9
1983-10-01,Alberta,10.6
1983-11-01,Alberta,10.6
1983-12-01,Alberta,11.2
1984-01-01,Alberta,10.9
1984-02-01,Alberta,10.5
1984-03-01,Alberta,11.3
1984-04-01,Alberta,11.2
1984-05-01,Alberta,12.0
1984-06-01,Alberta,11.6
1984-07-01,Alberta,11.4
1984-08-01,Alberta,11.4
1984-09-01,Alberta,12.4
1984-10-01,Alberta,11.5
1984-11-01,Alberta,11.4
1984-12-01,Alberta,11.3
1985-01-01,Alberta,10.2
1985-02-01,Alberta,10.7
1985-03-01,Alberta,10.5
1985-04-01,Alberta,10.2
1985-05-01,Alberta,10.1
1985-06-01,Alberta,9.6
1985-07-01,Alberta,9.4
1985-08-01,Alberta,9.4
1985-09-01,Alberta,9.2
1985-10-01,Alberta,9.3
1985-11-01,Alberta,9.6
1985-12-01,Alberta,9.1
1986-01-01,Alberta,8.6
1986-02-01,Alberta,8.6
1986-03-01,Alberta,9.4
1986-04-01,Alberta,9.9
1986-05-01,Alberta,10.4
1986-06-01,Alberta,10.8
1986-07-01,Alberta,10.2
1986-08-01,Alberta,10.5
1986-09-01,Alberta,10.1
1986-10-01,Alberta,10.5
1986-11-01,Alberta,10.6
1986-12-01,Alberta,10.5
1987-01-01,Alberta,10.8
1987-02-01,Alberta,10.7
1987-03-01,Alberta,10.0
1987-04-01,Alberta,10.2
1987-05-01,Alberta,9.5
1987-06-01,Alberta,9.8
1987-07-01,Alberta,9.4
1987-08-01,Alberta,9.6
1987-09-01,Alberta,9.4
1987-10-01,Alberta,8.4
1987-11-01,Alberta,8.2
1987-12-01,Alberta,8.3
1988-01-01,Alberta,8.5
1988-02-01,Alberta,8.1
1988-03-01,Alberta,8.2
1988-04-01,Alberta,7.9
1988-05-01,Alberta,8.0
1988-06-01,Alberta,7.7
1988-07-01,Alberta,8.0
1988-08-01,Alberta,8.0
1988-09-01,Alberta,7.7
1988-10-01,Alberta,8.1
1988-11-01,Alberta,8.0
1988-12-01,Alberta,7.6
1989-01-01,Alberta,7.5
1989-02-01,Alberta,7.4
1989-03-01,Alberta,7.5
1989-04-01,Alberta,7.5
1989-05-01,Alberta,7.0
1989-06-01,Alberta,7.2
1989-07-01,Alberta,6.9
1989-08-01,Alberta,7.3
1989-09-01,Alberta,7.2
1989-10-01,Alberta,6.5
1989-11-01,Alberta,7.0
1989-12-01,Alberta,6.9
1990-01-01,Alberta,6.9
1990-02-01,Alberta,6.7
1990-03-01,Alberta,6.5
1990-04-01,Alberta,6.7
1990-05-01,Alberta,6.7
1990-06-01,Alberta,6.2
1990-07-01,Alberta,6.7
1990-08-01,Alberta,6.6
1990-09-01,Alberta,7.2
1990-10-01,Alberta,7.4
1990-11-01,Alberta,7.6
1990-12-01,Alberta,7.8
1991-01-01,Alberta,7.7
1991-02-01,Alberta,7.5
1991-03-01,Alberta,8.0
1991-04-01,Alberta,7.9
1991-05-01,Alberta,8.2
1991-06-01,Alberta,8.3
1991-07-01,Alberta,8.3
1991-08-01,Alberta,8.1
1991-09-01,Alberta,8.4
1991-10-01,Alberta,8.5
1991-11-01,Alberta,9.0
1991-12-01,Alberta,9.1
1992-01-01,Alberta,9.4
1992-02-01,Alberta,9.7
1992-03-01,Alberta,9.1
1992-04-01,Alberta,8.9
1992-05-01,Alberta,9.0
1992-06-01,Alberta,9.8
1992-07-01,Alberta,9.2
1992-08-01,Alberta,9.5
1992-09-01,Alberta,9.5
1992-10-01,Alberta,9.5
1992-11-01,Alberta,10.2
1992-12-01,Alberta,9.7
1993-01-01,Alberta,9.0
1993-02-01,Alberta,8.9
1993-03-01,Alberta,9.7
1993-04-01,Alberta,9.9
1993-05-01,Alberta,9.6
1993-06-01,Alberta,9.7
1993-07-01,Alberta,9.9
1993-08-01,Alberta,9.9
1993-09-01,Alberta,10.2
1993-10-01,Alberta,9.3
1993-11-01,Alberta,9.3
1993-12-01,Alberta,9.6
1994-01-01,Alberta,9.5
1994-02-01,Alberta,8.9
1994-03-01,Alberta,9.2
1994-04-01,Alberta,8.9
1994-05-01,Alberta,9.4
1994-06-01,Alberta,9.6
1994-07-01,Alberta,9.2
1994-08-01,Alberta,8.4
1994-09-01,Alberta,8.7
1994-10-01,Alberta,8.3
1994-11-01,Alberta,7.7
1994-12-01,Alberta,7.6
1995-01-01,Alberta,7.8
1995-02-01,Alberta,7.6
1995-03-01,Alberta,7.8
1995-04-01,Alberta,7.9
1995-05-01,Alberta,8.1
1995-06-01,Alberta,7.7
1995-07-01,Alberta,8.0
1995-08-01,Alberta,8.2
1995-09-01,Alberta,7.7
1995-10-01,Alberta,7.7
1995-11-01,Alberta,7.8
1995-12-01,Alberta,7.8
1996-01-01,Alberta,7.6
1996-02-01,Alberta,7.4
1996-03-01,Alberta,7.1
1996-04-01,Alberta,6.6
1996-05-01,Alberta,7.0
1996-06-01,Alberta,7.3
1996-07-01,Alberta,6.9
1996-08-01,Alberta,6.5
1996-09-01,Alberta,6.8
1996-10-01,Alberta,6.7
1996-11-01,Alberta,6.5
1996-12-01,Alberta,6.2
1997-01-01,Alberta,6.4
1997-02-01,Alberta,6.4
1997-03-01,Alberta,6.3
1997-04-01,Alberta,6.2
1997-05-01,Alberta,5.7
1997-06-01,Alberta,5.8
1997-07-01,Alberta,5.8
1997-08-01,Alberta,5.6
1997-09-01,Alberta,5.4
1997-10-01,Alberta,5.5
1997-11-01,Alberta,5.7
1997-12-01,Alberta,5.7
1998-01-01,Alberta,5.3
1998-02-01,Alberta,5.3
1998-03-01,Alberta,5.4
1998-04-01,Alberta,5.1
1998-05-01,Alberta,5.4
1998-06-01,Alberta,5.5
1998-07-01,Alberta,5.3
1998-08-01,Alberta,5.3
1998-09-01,Alberta,6.2
1998-10-01,Alberta,6.2
1998-11-01,Alberta,6.1
1998-12-01,Alberta,5.9
1999-01-01,Alberta,5.9
1999-02-01,Alberta,5.9
1999-03-01,Alberta,5.7
1999-04-01,Alberta,5.7
1999-05-01,Alberta,6.1
1999-06-01,Alberta,5.4
1999-07-01,Alberta,5.5
1999-08-01,Alberta,5.8
1999-09-01,Alberta,5.9
1999-10-01,Alberta,5.2
1999-11-01,Alberta,5.4
1999-12-01,Alberta,5.5
2000-01-01,Alberta,5.0
2000-02-01,Alberta,4.9
2000-03-01,Alberta,5.1
2000-04-01,Alberta,4.9
2000-05-01,Alberta,4.8
2000-06-01,Alberta,4.9
2000-07-01,Alberta,5.2
2000-08-01,Alberta,5.3
2000-09-01,Alberta,4.8
2000-10-01,Alberta,4.7
2000-11-01,Alberta,5.0
2000-12-01,Alberta,5.0
2001-01-01,Alberta,5.2
2001-02-01,Alberta,4.8
2001-03-01,Alberta,4.9
2001-04-01,Alberta,5.0
2001-05-01,Alberta,4.6
2001-06-01,Alberta,4.6
2001-07-01,Alberta,4.7
2001-08-01,Alberta,4.4
2001-09-01,Alberta,4.1
2001-10-01,Alberta,4.6
2001-11-01,Alberta,4.5
2001-12-01,Alberta,5.3
2002-01-01,Alberta,4.9
2002-02-01,Alberta,5.4
2002-03-01,Alberta,5.4
2002-04-01,Alberta,5.6
2002-05-01,Alberta,6.1
2002-06-01,Alberta,5.5
2002-07-01,Alberta,5.4
2002-08-01,Alberta,4.9
2002-09-01,Alberta,5.6
2002-10-01,Alberta,5.5
2002-11-01,Alberta,5.1
2002-12-01,Alberta,4.9
2003-01-01,Alberta,5.4
2003-02-01,Alberta,5.2
2003-03-01,Alberta,5.5
2003-04-01,Alberta,5.8
2003-05-01,Alberta,5.5
2003-06-01,Alberta,5.2
2003-07-01,Alberta,4.8
2003-08-01,Alberta,5.1
2003-09-01,Alberta,4.7
2003-10-01,Alberta,4.7
2003-11-01,Alberta,4.7
2003-12-01,Alberta,4.7
2004-01-01,Alberta,4.8
2004-02-01,Alberta,5.0
2004-03-01,Alberta,5.0
2004-04-01,Alberta,4.4
2004-05-01,Alberta,4.1
2004-06-01,Alberta,4.6
2004-07-01,Alberta,4.6
2004-08-01,Alberta,4.3
2004-09-01,Alberta,4.6
2004-10-01,Alberta,4.7
2004-11-01,Alberta,4.6
2004-12-01,Alberta,4.4
2005-01-01,Alberta,4.4
2005-02-01,Alberta,4.1
2005-03-01,Alberta,3.6
2005-04-01,Alberta,3.9
2005-05-01,Alberta,3.7
2005-06-01,Alberta,3.9
2005-07-01,Alberta,3.5
2005-08-01,Alberta,3.7
2005-09-01,Alberta,3.9
2005-10-01,Alberta,4.1
2005-11-01,Alberta,4.1
2005-12-01,Alberta,4.3
2006-01-01,Alberta,3.9
2006-02-01,Alberta,3.2
2006-03-01,Alberta,3.3
2006-04-01,Alberta,3.4
2006-05-01,Alberta,3.5
2006-06-01,Alberta,3.6
2006-07-01,Alberta,3.5
2006-08-01,Alberta,4.0
2006-09-01,Alberta,3.6
2006-10-01,Alberta,3.4
2006-11-01,Alberta,3.2
2006-12-01,Alberta,3.7
2007-01-01,Alberta,3.7
2007-02-01,Alberta,3.8
2007-03-01,Alberta,3.7
2007-04-01,Alberta,3.5
2007-05-01,Alberta,4.0
2007-06-01,Alberta,3.8
2007-07-01,Alberta,3.5
2007-08-01,Alberta,3.4
2007-09-01,Alberta,3.7
2007-10-01,Alberta,3.6
2007-11-01,Alberta,3.9
2007-12-01,Alberta,3.5
2008-01-01,Alberta,3.8
2008-02-01,Alberta,3.9
2008-03-01,Alberta,3.7
2008-04-01,Alberta,3.6
2008-05-01,Alberta,3.7
2008-06-01,Alberta,3.3
2008-07-01,Alberta,3.8
2008-08-01,Alberta,3.8
2008-09-01,Alberta,4.2
2008-10-01,Alberta,3.9
2008-11-01,Alberta,3.9
2008-12-01,Alberta,4.8
2009-01-01,Alberta,5.0
2009-02-01,Alberta,5.7
2009-03-01,Alberta,6.1
2009-04-01,Alberta,6.6
2009-05-01,Alberta,6.9
2009-06-01,Alberta,7.0
2009-07-01,Alberta,7.3
2009-08-01,Alberta,7.2
2009-09-01,Alberta,7.1
2009-10-01,Alberta,7.6
2009-11-01,Alberta,7.7
2009-12-01,Alberta,7.0
2010-01-01,Alberta,6.9
2010-02-01,Alberta,6.9
2010-03-01,Alberta,7.0
2010-04-01,Alberta,7.1
2010-05-01,Alberta,6.6
2010-06-01,Alberta,6.4
2010-07-01,Alberta,6.4
2010-08-01,Alberta,6.3
2010-09-01,Alberta,6.2
2010-10-01,Alberta,6.2
2010-11-01,Alberta,6.1
2010-12-01,Alberta,5.8
2011-01-01,Alberta,5.9
2011-02-01,Alberta,5.8
2011-03-01,Alberta,5.7
2011-04-01,Alberta,5.8
2011-05-01,Alberta,5.5
2011-06-01,Alberta,5.7
2011-07-01,Alberta,5.6
2011-08-01,Alberta,5.6
2011-09-01,Alberta,5.6
2011-10-01,Alberta,5.1
2011-11-01,Alberta,5.1
2011-12-01,Alberta,4.9
2012-01-01,Alberta,5.2
2012-02-01,Alberta,5.0
2012-03-01,Alberta,5.1
2012-04-01,Alberta,5.1
2012-05-01,Alberta,4.5
2012-06-01,Alberta,4.6
2012-07-01,Alberta,4.7
2012-08-01,Alberta,4.3
2012-09-01,Alberta,4.6
2012-10-01,Alberta,4.8
2012-11-01,Alberta,4.5
2012-12-01,Alberta,4.9
2013-01-01,Alberta,4.6
2013-02-01,Alberta,4.7
2013-03-01,Alberta,4.8
2013-04-01,Alberta,4.4
2013-05-01,Alberta,4.7
2013-06-01,Alberta,4.8
2013-07-01,Alberta,4.7
2013-08-01,Alberta,4.7
2013-09-01,Alberta,4.4
2013-10-01,Alberta,4.8
2013-11-01,Alberta,4.7
2013-12-01,Alberta,4.9
2014-01-01,Alberta,4.8
2014-02-01,Alberta,4.7
2014-03-01,Alberta,5.0
2014-04-01,Alberta,5.0
2014-05-01,Alberta,4.8
2014-06-01,Alberta,5.0
2014-07-01,Alberta,4.3
2014-08-01,Alberta,5.0
2014-09-01,Alberta,4.6
2014-10-01,Alberta,5.1
2014-11-01,Alberta,4.7
2014-12-01,Alberta,4.9
2015-01-01,Alberta,4.7
2015-02-01,Alberta,5.4
2015-03-01,Alberta,5.6
2015-04-01,Alberta,5.7
2015-05-01,Alberta,6.3
2015-06-01,Alberta,6.2
2015-07-01,Alberta,5.9
2015-08-01,Alberta,6.1
2015-09-01,Alberta,6.6
2015-10-01,Alberta,6.3
2015-11-01,Alberta,6.9
2015-12-01,Alberta,7.1
2016-01-01,Alberta,7.5
2016-02-01,Alberta,7.8
2016-03-01,Alberta,7.3
2016-04-01,Alberta,7.6
2016-05-01,Alberta,8.3
2016-06-01,Alberta,8.2
2016-07-01,Alberta,8.9
2016-08-01,Alberta,8.4
2016-09-01,Alberta,8.5
2016-10-01,Alberta,8.5
2016-11-01,Alberta,8.8
2016-12-01,Alberta,8.6
2017-01-01,Alberta,8.6
2017-02-01,Alberta,8.1
2017-03-01,Alberta,8.6
2017-04-01,Alberta,8.2
2017-05-01,Alberta,8.4
2017-06-01,Alberta,7.8
2017-07-01,Alberta,8.0
2017-08-01,Alberta,8.4
2017-09-01,Alberta,7.5
2017-10-01,Alberta,7.7
2017-11-01,Alberta,7.4
2017-12-01,Alberta,7.2
2018-01-01,Alberta,6.7
2018-02-01,Alberta,6.5
2018-03-01,Alberta,6.2
2018-04-01,Alberta,6.8
2018-05-01,Alberta,6.2
2018-06-01,Alberta,6.6
2018-07-01,Alberta,6.9
2018-08-01,Alberta,6.7
2018-09-01,Alberta,6.9
2018-10-01,Alberta,6.8
2018-11-01,Alberta,6.3
2018-12-01,Alberta,6.4
2019-01-01,Alberta,6.6
2019-02-01,Alberta,7.3
2019-03-01,Alberta,6.9
2019-04-01,Alberta,6.5
2019-05-01,Alberta,6.7
2019-06-01,Alberta,6.7
2019-07-01,Alberta,7.1
2019-08-01,Alberta,7.6
2019-09-01,Alberta,6.6
2019-10-01,Alberta,6.7
2019-11-01,Alberta,7.2
2019-12-01,Alberta,7.0
2020-01-01,Alberta,7.3
2020-02-01,Alberta,7.4
2020-03-01,Alberta,8.8
2020-04-01,Alberta,13.1
2020-05-01,Alberta,15.4
2020-06-01,Alberta,15.3
2020-07-01,Alberta,12.9
2020-08-01,Alberta,12.5
2020-09-01,Alberta,12.0
2020-10-01,Alberta,11.6
2020-11-01,Alberta,11.1
2020-12-01,Alberta,10.7
2021-01-01,Alberta,10.3
2021-02-01,Alberta,9.9
2021-03-01,Alberta,9.2
2021-04-01,Alberta,8.8
2021-05-01,Alberta,8.5
2021-06-01,Alberta,8.8
2021-07-01,Alberta,8.4
2021-08-01,Alberta,8.0
2021-09-01,Alberta,7.8
2021-10-01,Alberta,7.8
2021-11-01,Alberta,7.4
2021-12-01,Alberta,6.9
2022-01-01,Alberta,6.9
2022-02-01,Alberta,6.6
2022-03-01,Alberta,6.3
2022-04-01,Alberta,6.1
2022-05-01,Alberta,5.9
2022-06-01,Alberta,5.2
2022-07-01,Alberta,4.9
2022-08-01,Alberta,5.6
2022-09-01,Alberta,5.4
2022-10-01,Alberta,5.5
2022-11-01,Alberta,5.7
2022-12-01,Alberta,5.7
2023-01-01,Alberta,6.1
2023-02-01,Alberta,6.1
2023-03-01,Alberta,5.9
2023-04-01,Alberta,5.9
2023-05-01,Alberta,5.7
2023-06-01,Alberta,5.9
2023-07-01,Alberta,5.9
2023-08-01,Alberta,5.5
2023-09-01,Alberta,5.3
2023-10-01,Alberta,5.8
2023-11-01,Alberta,6.0
2023-12-01,Alberta,6.5
2024-01-01,Alberta,6.4
2024-02-01,Alberta,6.3
2024-03-01,Alberta,6.5
2024-04-01,Alberta,7.4
2024-05-01,Alberta,7.2
2024-06-01,Alberta,7.2
2024-07-01,Alberta,7.1
2024-08-01,Alberta,7.3
2024-09-01,Alberta,7.4
2024-10-01,Alberta,7.4
2024-11-01,Alberta,7.6
2024-12-01,Alberta,6.8
2025-01-01,Alberta,6.8
2025-02-01,Alberta,6.8
2025-03-01,Alberta,7.2
2025-04-01,Alberta,7.2
2025-05-01,Alberta,7.4
2025-06-01,Alberta,6.8
2025-07-01,Alberta,7.9
2025-08-01,Alberta,8.2
2025-09-01,Alberta,7.7
2025-10-01,Alberta,7.6
2025-11-01,Alberta,6.5
2025-12-01,Alberta,6.7
2026-01-01,Alberta,6.4
2026-02-01,Alberta,6.3
1976-01-01,British Columbia,8.5
1976-02-01,British Columbia,8.4
1976-03-01,British Columbia,8.2
1976-04-01,British Columbia,8.8
1976-05-01,British Columbia,9.0
1976-06-01,British Columbia,8.6
1976-07-01,British Columbia,8.9
1976-08-01,British Columbia,8.1
1976-09-01,British Columbia,8.5
1976-10-01,British Columbia,8.0
1976-11-01,British Columbia,7.8
1976-12-01,British Columbia,8.1
1977-01-01,British Columbia,8.4
1977-02-01,British Columbia,7.9
1977-03-01,British Columbia,8.2
1977-04-01,British Columbia,8.8
1977-05-01,British Columbia,7.7
1977-06-01,British Columbia,8.4
1977-07-01,British Columbia,8.4
1977-08-01,British Columbia,8.5
1977-09-01,British Columbia,8.4
1977-10-01,British Columbia,8.9
1977-11-01,British Columbia,8.6
1977-12-01,British Columbia,8.2
1978-01-01,British Columbia,8.3
1978-02-01,British Columbia,8.3
1978-03-01,British Columbia,8.5
1978-04-01,British Columbia,8.0
1978-05-01,British Columbia,8.1
1978-06-01,British Columbia,8.0
1978-07-01,British Columbia,7.7
1978-08-01,British Columbia,8.5
1978-09-01,British Columbia,7.8
1978-10-01,British Columbia,8.5
1978-11-01,British Columbia,8.8
1978-12-01,British Columbia,8.9
1979-01-01,British Columbia,8.1
1979-02-01,British Columbia,8.7
1979-03-01,British Columbia,8.3
1979-04-01,British Columbia,8.3
1979-05-01,British Columbia,8.1
1979-06-01,British Columbia,7.7
1979-07-01,British Columbia,7.6
1979-08-01,British Columbia,7.3
1979-09-01,British Columbia,7.4
1979-10-01,British Columbia,7.0
1979-11-01,British Columbia,6.8
1979-12-01,British Columbia,7.2
1980-01-01,British Columbia,8.0
1980-02-01,British Columbia,7.3
1980-03-01,British Columbia,7.7
1980-04-01,British Columbia,6.9
1980-05-01,British Columbia,6.7
1980-06-01,British Columbia,6.8
1980-07-01,British Columbia,6.6
1980-08-01,British Columbia,6.1
1980-09-01,British Columbia,6.5
1980-10-01,British Columbia,6.3
1980-11-01,British Columbia,5.7
1980-12-01,British Columbia,5.9
1981-01-01,British Columbia,5.5
1981-02-01,British Columbia,5.9
1981-03-01,British Columbia,6.0
1981-04-01,British Columbia,6.3
1981-05-01,British Columbia,6.4
1981-06-01,British Columbia,6.1
1981-07-01,British Columbia,6.3
1981-08-01,British Columbia,6.6
1981-09-01,British Columbia,7.9
1981-10-01,British Columbia,7.9
1981-11-01,British Columbia,8.1
1981-12-01,British Columbia,9.0
1982-01-01,British Columbia,8.9
1982-02-01,British Columbia,9.4
1982-03-01,British Columbia,9.8
1982-04-01,British Columbia,10.5
1982-05-01,British Columbia,10.7
1982-06-01,British Columbia,12.3
1982-07-01,British Columbia,13.7
1982-08-01,British Columbia,13.4
1982-09-01,British Columbia,13.9
1982-10-01,British Columbia,14.6
1982-11-01,British Columbia,14.3
1982-12-01,British Columbia,14.6
1983-01-01,British Columbia,14.5
1983-02-01,British Columbia,13.9
1983-03-01,British Columbia,14.1
1983-04-01,British Columbia,13.5
1983-05-01,British Columbia,13.9
1983-06-01,British Columbia,13.8
1983-07-01,British Columbia,13.5
1983-08-01,British Columbia,14.0
1983-09-01,British Columbia,13.9
1983-10-01,British Columbia,13.6
1983-11-01,British Columbia,14.1
1983-12-01,British Columbia,13.9
1984-01-01,British Columbia,14.0
1984-02-01,British Columbia,14.3
1984-03-01,British Columbia,14.7
1984-04-01,British Columbia,15.2
1984-05-01,British Columbia,15.7
1984-06-01,British Columbia,15.4
1984-07-01,British Columbia,15.0
1984-08-01,British Columbia,15.1
1984-09-01,British Columbia,15.4
1984-10-01,British Columbia,15.3
1984-11-01,British Columbia,14.9
1984-12-01,British Columbia,14.9
1985-01-01,British Columbia,14.3
1985-02-01,British Columbia,14.8
1985-03-01,British Columbia,14.3
1985-04-01,British Columbia,14.6
1985-05-01,British Columbia,14.0
1985-06-01,British Columbia,14.9
1985-07-01,British Columbia,14.3
1985-08-01,British Columbia,14.1
1985-09-01,British Columbia,13.4
1985-10-01,British Columbia,14.4
1985-11-01,British Columbia,14.6
1985-12-01,British Columbia,13.8
1986-01-01,British Columbia,13.2
1986-02-01,British Columbia,13.1
1986-03-01,British Columbia,13.3
1986-04-01,British Columbia,12.6
1986-05-01,British Columbia,12.4
1986-06-01,British Columbia,12.3
1986-07-01,British Columbia,12.1
1986-08-01,British Columbia,12.7
1986-09-01,British Columbia,12.6
1986-10-01,British Columbia,12.5
1986-11-01,British Columbia,13.1
1986-12-01,British Columbia,13.5
1987-01-01,British Columbia,13.9
1987-02-01,British Columbia,13.2
1987-03-01,British Columbia,13.2
1987-04-01,British Columbia,12.7
1987-05-01,British Columbia,12.2
1987-06-01,British Columbia,12.1
1987-07-01,British Columbia,12.2
1987-08-01,British Columbia,11.7
1987-09-01,British Columbia,11.3
1987-10-01,British Columbia,11.5
1987-11-01,British Columbia,10.6
1987-12-01,British Columbia,10.2
1988-01-01,British Columbia,10.3
1988-02-01,British Columbia,10.7
1988-03-01,British Columbia,10.3
1988-04-01,British Columbia,10.6
1988-05-01,British Columbia,10.6
1988-06-01,British Columbia,10.5
1988-07-01,British Columbia,9.9
1988-08-01,British Columbia,10.0
1988-09-01,British Columbia,10.6
1988-10-01,British Columbia,9.8
1988-11-01,British Columbia,10.2
1988-12-01,British Columbia,9.8
1989-01-01,British Columbia,9.8
1989-02-01,British Columbia,9.5
1989-03-01,British Columbia,9.6
1989-04-01,British Columbia,9.4
1989-05-01,British Columbia,9.7
1989-06-01,British Columbia,9.0
1989-07-01,British Columbia,9.2
1989-08-01,British Columbia,8.7
1989-09-01,British Columbia,8.4
1989-10-01,British Columbia,8.4
1989-11-01,British Columbia,8.3
1989-12-01,British Columbia,8.3
1990-01-01,British Columbia,7.8
1990-02-01,British Columbia,8.0
1990-03-01,British Columbia,7.8
1990-04-01,British Columbia,8.2
1990-05-01,British Columbia,8.2
1990-06-01,British Columbia,8.2
1990-07-01,British Columbia,8.2
1990-08-01,British Columbia,8.4
1990-09-01,British Columbia,8.8
1990-10-01,British Columbia,8.7
1990-11-01,British Columbia,9.3
1990-12-01,British Columbia,9.4
1991-01-01,British Columbia,9.9
1991-02-01,British Columbia,10.0
1991-03-01,British Columbia,10.3
1991-04-01,British Columbia,9.7
1991-05-01,British Columbia,10.1
1991-06-01,British Columbia,9.8
1991-07-01,British Columbia,9.8
1991-08-01,British Columbia,9.7
1991-09-01,British Columbia,9.8
1991-10-01,British Columbia,9.8
1991-11-01,British Columbia,9.9
1991-12-01,British Columbia,9.9
1992-01-01,British Columbia,10.0
1992-02-01,British Columbia,9.5
1992-03-01,British Columbia,9.9
1992-04-01,British Columbia,9.6
1992-05-01,British Columbia,9.4
1992-06-01,British Columbia,10.7
1992-07-01,British Columbia,10.2
1992-08-01,British Columbia,10.9
1992-09-01,British Columbia,10.6
1992-10-01,British Columbia,10.6
1992-11-01,British Columbia,10.7
1992-12-01,British Columbia,10.1
1993-01-01,British Columbia,9.9
1993-02-01,British Columbia,10.0
1993-03-01,British Columbia,9.5
1993-04-01,British Columbia,10.1
1993-05-01,British Columbia,10.3
1993-06-01,British Columbia,9.8
1993-07-01,British Columbia,10.0
1993-08-01,British Columbia,9.2
1993-09-01,British Columbia,9.5
1993-10-01,British Columbia,9.6
1993-11-01,British Columbia,8.8
1993-12-01,British Columbia,9.6
1994-01-01,British Columbia,9.9
1994-02-01,British Columbia,9.9
1994-03-01,British Columbia,9.3
1994-04-01,British Columbia,10.0
1994-05-01,British Columbia,9.3
1994-06-01,British Columbia,9.0
1994-07-01,British Columbia,8.8
1994-08-01,British Columbia,9.1
1994-09-01,British Columbia,8.6
1994-10-01,British Columbia,8.7
1994-11-01,British Columbia,8.3
1994-12-01,British Columbia,8.3
1995-01-01,British Columbia,8.5
1995-02-01,British Columbia,8.6
1995-03-01,British Columbia,8.4
1995-04-01,British Columbia,8.5
1995-05-01,British Columbia,8.4
1995-06-01,British Columbia,8.5
1995-07-01,British Columbia,8.6
1995-08-01,British Columbia,8.3
1995-09-01,British Columbia,8.3
1995-10-01,British Columbia,8.3
1995-11-01,British Columbia,8.5
1995-12-01,British Columbia,8.7
1996-01-01,British Columbia,8.9
1996-02-01,British Columbia,8.4
1996-03-01,British Columbia,8.5
1996-04-01,British Columbia,8.1
1996-05-01,British Columbia,8.1
1996-06-01,British Columbia,8.5
1996-07-01,British Columbia,8.1
1996-08-01,British Columbia,8.8
1996-09-01,British Columbia,8.8
1996-10-01,British Columbia,9.5
1996-11-01,British Columbia,9.3
1996-12-01,British Columbia,9.0
1997-01-01,British Columbia,8.1
1997-02-01,British Columbia,8.5
1997-03-01,British Columbia,8.2
1997-04-01,British Columbia,8.8
1997-05-01,British Columbia,8.6
1997-06-01,British Columbia,8.6
1997-07-01,British Columbia,8.4
1997-08-01,British Columbia,8.3
1997-09-01,British Columbia,8.7
1997-10-01,British Columbia,8.7
1997-11-01,British Columbia,8.7
1997-12-01,British Columbia,8.2
1998-01-01,British Columbia,9.2
1998-02-01,British Columbia,9.5
1998-03-01,British Columbia,9.5
1998-04-01,British Columbia,9.0
1998-05-01,British Columbia,9.5
1998-06-01,British Columbia,9.3
1998-07-01,British Columbia,8.9
1998-08-01,British Columbia,8.5
1998-09-01,British Columbia,8.2
1998-10-01,British Columbia,8.0
1998-11-01,British Columbia,7.8
1998-12-01,British Columbia,8.3
1999-01-01,British Columbia,8.3
1999-02-01,British Columbia,8.3
1999-03-01,British Columbia,8.6
1999-04-01,British Columbia,8.8
1999-05-01,British Columbia,8.3
1999-06-01,British Columbia,8.9
1999-07-01,British Columbia,8.4
1999-08-01,British Columbia,8.1
1999-09-01,British Columbia,7.8
1999-10-01,British Columbia,7.6
1999-11-01,British Columbia,7.9
1999-12-01,British Columbia,7.6
2000-01-01,British Columbia,7.2
2000-02-01,British Columbia,7.1
2000-03-01,British Columbia,7.2
2000-04-01,British Columbia,6.9
2000-05-01,British Columbia,6.9
2000-06-01,British Columbia,6.9
2000-07-01,British Columbia,6.9
2000-08-01,British Columbia,7.7
2000-09-01,British Columbia,7.6
2000-10-01,British Columbia,7.7
2000-11-01,British Columbia,7.0
2000-12-01,British Columbia,7.0
2001-01-01,British Columbia,7.3
2001-02-01,British Columbia,7.4
2001-03-01,British Columbia,6.8
2001-04-01,British Columbia,7.1
2001-05-01,British Columbia,6.8
2001-06-01,British Columbia,7.5
2001-07-01,British Columbia,7.5
2001-08-01,British Columbia,8.2
2001-09-01,British Columbia,7.8
2001-10-01,British Columbia,8.3
2001-11-01,British Columbia,8.6
2001-12-01,British Columbia,9.8
2002-01-01,British Columbia,9.0
2002-02-01,British Columbia,8.9
2002-03-01,British Columbia,9.2
2002-04-01,British Columbia,8.8
2002-05-01,British Columbia,9.3
2002-06-01,British Columbia,8.7
2002-07-01,British Columbia,8.2
2002-08-01,British Columbia,7.6
2002-09-01,British Columbia,7.9
2002-10-01,British Columbia,8.1
2002-11-01,British Columbia,8.6
2002-12-01,British Columbia,8.8
2003-01-01,British Columbia,8.1
2003-02-01,British Columbia,8.1
2003-03-01,British Columbia,7.8
2003-04-01,British Columbia,7.9
2003-05-01,British Columbia,8.4
2003-06-01,British Columbia,8.0
2003-07-01,British Columbia,8.6
2003-08-01,British Columbia,8.4
2003-09-01,British Columbia,8.6
2003-10-01,British Columbia,7.8
2003-11-01,British Columbia,7.7
2003-12-01,British Columbia,7.2
2004-01-01,British Columbia,7.6
2004-02-01,British Columbia,7.6
2004-03-01,British Columbia,7.6
2004-04-01,British Columbia,7.7
2004-05-01,British Columbia,7.5
2004-06-01,British Columbia,7.3
2004-07-01,British Columbia,6.9
2004-08-01,British Columbia,7.1
2004-09-01,British Columbia,6.6
2004-10-01,British Columbia,6.9
2004-11-01,British Columbia,6.5
2004-12-01,British Columbia,6.2
2005-01-01,British Columbia,6.6
2005-02-01,British Columbia,7.1
2005-03-01,British Columbia,6.5
2005-04-01,British Columbia,6.2
2005-05-01,British Columbia,5.9
2005-06-01,British Columbia,5.9
2005-07-01,British Columbia,5.9
2005-08-01,British Columbia,5.6
2005-09-01,British Columbia,5.4
2005-10-01,British Columbia,5.0
2005-11-01,British Columbia,4.8
2005-12-01,British Columbia,4.9
2006-01-01,British Columbia,5.0
2006-02-01,British Columbia,4.8
2006-03-01,British Columbia,4.7
2006-04-01,British Columbia,4.7
2006-05-01,British Columbia,4.5
2006-06-01,British Columbia,4.6
2006-07-01,British Columbia,4.9
2006-08-01,British Columbia,5.1
2006-09-01,British Columbia,4.9
2006-10-01,British Columbia,4.9
2006-11-01,British Columbia,5.1
2006-12-01,British Columbia,5.3
2007-01-01,British Columbia,4.6
2007-02-01,British Columbia,4.3
2007-03-01,British Columbia,4.4
2007-04-01,British Columbia,4.6
2007-05-01,British Columbia,4.2
2007-06-01,British Columbia,4.2
2007-07-01,British Columbia,4.3
2007-08-01,British Columbia,4.1
2007-09-01,British Columbia,4.7
2007-10-01,British Columbia,4.5
2007-11-01,British Columbia,4.2
2007-12-01,British Columbia,4.2
2008-01-01,British Columbia,4.4
2008-02-01,British Columbia,4.6
2008-03-01,British Columbia,4.5
2008-04-01,British Columbia,4.7
2008-05-01,British Columbia,4.7
2008-06-01,British Columbia,4.5
2008-07-01,British Columbia,4.6
2008-08-01,British Columbia,4.5
2008-09-01,British Columbia,4.6
2008-10-01,British Columbia,5.1
2008-11-01,British Columbia,5.3
2008-12-01,British Columbia,5.9
2009-01-01,British Columbia,6.7
2009-02-01,British Columbia,7.2
2009-03-01,British Columbia,7.6
2009-04-01,British Columbia,8.0
2009-05-01,British Columbia,8.0
2009-06-01,British Columbia,8.4
2009-07-01,British Columbia,7.9
2009-08-01,British Columbia,8.1
2009-09-01,British Columbia,7.3
2009-10-01,British Columbia,7.9
2009-11-01,British Columbia,8.1
2009-12-01,British Columbia,8.5
2010-01-01,British Columbia,8.1
2010-02-01,British Columbia,7.7
2010-03-01,British Columbia,8.0
2010-04-01,British Columbia,7.5
2010-05-01,British Columbia,7.6
2010-06-01,British Columbia,7.9
2010-07-01,British Columbia,7.7
2010-08-01,British Columbia,7.5
2010-09-01,British Columbia,7.9
2010-10-01,British Columbia,8.1
2010-11-01,British Columbia,7.6
2010-12-01,British Columbia,7.9
2011-01-01,British Columbia,8.2
2011-02-01,British Columbia,8.7
2011-03-01,British Columbia,8.1
2011-04-01,British Columbia,7.9
2011-05-01,British Columbia,7.6
2011-06-01,British Columbia,7.6
2011-07-01,British Columbia,7.6
2011-08-01,British Columbia,7.6
2011-09-01,British Columbia,7.3
2011-10-01,British Columbia,6.9
2011-11-01,British Columbia,7.2
2011-12-01,British Columbia,6.9
2012-01-01,British Columbia,7.1
2012-02-01,British Columbia,7.0
2012-03-01,British Columbia,7.1
2012-04-01,British Columbia,6.7
2012-05-01,British Columbia,7.4
2012-06-01,British Columbia,6.9
2012-07-01,British Columbia,7.1
2012-08-01,British Columbia,6.7
2012-09-01,British Columbia,7.2
2012-10-01,British Columbia,6.9
2012-11-01,British Columbia,6.8
2012-12-01,British Columbia,6.5
2013-01-01,British Columbia,6.6
2013-02-01,British Columbia,6.6
2013-03-01,British Columbia,7.0
2013-04-01,British Columbia,6.8
2013-05-01,British Columbia,6.5
2013-06-01,British Columbia,6.6
2013-07-01,British Columbia,6.7
2013-08-01,British Columbia,6.7
2013-09-01,British Columbia,6.5
2013-10-01,British Columbia,6.7
2013-11-01,British Columbia,6.9
2013-12-01,British Columbia,6.9
2014-01-01,British Columbia,6.8
2014-02-01,British Columbia,6.5
2014-03-01,British Columbia,6.0
2014-04-01,British Columbia,6.3
2014-05-01,British Columbia,6.7
2014-06-01,British Columbia,6.4
2014-07-01,British Columbia,6.3
2014-08-01,British Columbia,6.4
2014-09-01,British Columbia,6.3
2014-10-01,British Columbia,6.0
2014-11-01,British Columbia,5.7
2014-12-01,British Columbia,5.4
2015-01-01,British Columbia,5.7
2015-02-01,British Columbia,6.0
2015-03-01,British Columbia,5.9
2015-04-01,British Columbia,6.5
2015-05-01,British Columbia,6.0
2015-06-01,British Columbia,5.9
2015-07-01,British Columbia,6.3
2015-08-01,British Columbia,6.1
2015-09-01,British Columbia,6.4
2015-10-01,British Columbia,6.1
2015-11-01,British Columbia,6.1
2015-12-01,British Columbia,6.8
2016-01-01,British Columbia,6.7
2016-02-01,British Columbia,6.7
2016-03-01,British Columbia,6.2
2016-04-01,British Columbia,5.6
2016-05-01,British Columbia,5.8
2016-06-01,British Columbia,5.9
2016-07-01,British Columbia,5.7
2016-08-01,British Columbia,5.7
2016-09-01,British Columbia,6.1
2016-10-01,British Columbia,6.2
2016-11-01,British Columbia,6.2
2016-12-01,British Columbia,6.2
2017-01-01,British Columbia,5.6
2017-02-01,British Columbia,5.4
2017-03-01,British Columbia,5.6
2017-04-01,British Columbia,5.4
2017-05-01,British Columbia,5.4
2017-06-01,British Columbia,5.2
2017-07-01,British Columbia,5.0
2017-08-01,British Columbia,5.2
2017-09-01,British Columbia,5.3
2017-10-01,British Columbia,5.5
2017-11-01,British Columbia,5.1
2017-12-01,British Columbia,4.9
2018-01-01,British Columbia,4.9
2018-02-01,British Columbia,5.0
2018-03-01,British Columbia,4.9
2018-04-01,British Columbia,5.0
2018-05-01,British Columbia,4.8
2018-06-01,British Columbia,4.9
2018-07-01,British Columbia,4.6
2018-08-01,British Columbia,4.7
2018-09-01,British Columbia,4.1
2018-10-01,British Columbia,4.2
2018-11-01,British Columbia,4.7
2018-12-01,British Columbia,4.5
2019-01-01,British Columbia,4.7
2019-02-01,British Columbia,4.6
2019-03-01,British Columbia,4.8
2019-04-01,British Columbia,4.7
2019-05-01,British Columbia,4.6
2019-06-01,British Columbia,4.8
2019-07-01,British Columbia,4.7
2019-08-01,British Columbia,5.0
2019-09-01,British Columbia,5.0
2019-10-01,British Columbia,4.9
2019-11-01,British Columbia,5.2
2019-12-01,British Columbia,4.9
2020-01-01,British Columbia,4.7
2020-02-01,British Columbia,5.4
2020-03-01,British Columbia,7.9
2020-04-01,British Columbia,11.9
2020-05-01,British Columbia,14.0
2020-06-01,British Columbia,12.8
2020-07-01,British Columbia,10.8
2020-08-01,British Columbia,10.5
2020-09-01,British Columbia,8.7
2020-10-01,British Columbia,8.2
2020-11-01,British Columbia,7.8
2020-12-01,British Columbia,7.6
2021-01-01,British Columbia,7.6
2021-02-01,British Columbia,7.3
2021-03-01,British Columbia,7.2
2021-04-01,British Columbia,7.0
2021-05-01,British Columbia,7.1
2021-06-01,British Columbia,6.6
2021-07-01,British Columbia,6.4
2021-08-01,British Columbia,6.5
2021-09-01,British Columbia,6.2
2021-10-01,British Columbia,5.6
2021-11-01,British Columbia,5.5
2021-12-01,British Columbia,5.3
2022-01-01,British Columbia,5.1
2022-02-01,British Columbia,4.8
2022-03-01,British Columbia,5.1
2022-04-01,British Columbia,4.9
2022-05-01,British Columbia,4.5
2022-06-01,British Columbia,4.6
2022-07-01,British Columbia,4.6
2022-08-01,British Columbia,4.6
2022-09-01,British Columbia,4.4
2022-10-01,British Columbia,4.6
2022-11-01,British Columbia,4.4
2022-12-01,British Columbia,4.2
2023-01-01,British Columbia,4.5
2023-02-01,British Columbia,5.3
2023-03-01,British Columbia,4.6
2023-04-01,British Columbia,5.1
2023-05-01,British Columbia,5.0
2023-06-01,British Columbia,5.5
2023-07-01,British Columbia,5.5
2023-08-01,British Columbia,5.2
2023-09-01,British Columbia,5.4
2023-10-01,British Columbia,5.3
2023-11-01,British Columbia,5.4
2023-12-01,British Columbia,5.6
2024-01-01,British Columbia,5.3
2024-02-01,British Columbia,5.2
2024-03-01,British Columbia,5.6
2024-04-01,British Columbia,5.1
2024-05-01,British Columbia,5.5
2024-06-01,British Columbia,5.4
2024-07-01,British Columbia,5.7
2024-08-01,British Columbia,5.7
2024-09-01,British Columbia,5.9
2024-10-01,British Columbia,5.7
2024-11-01,British Columbia,5.9
2024-12-01,British Columbia,6.0
2025-01-01,British Columbia,6.0
2025-02-01,British Columbia,6.0
2025-03-01,British Columbia,6.1
2025-04-01,British Columbia,6.2
2025-05-01,British Columbia,6.5
2025-06-01,British Columbia,5.7
2025-07-01,British Columbia,6.0
2025-08-01,British Columbia,6.3
2025-09-01,British Columbia,6.4
2025-10-01,British Columbia,6.6
2025-11-01,British Columbia,6.4
2025-12-01,British Columbia,6.3
2026-01-01,British Columbia,6.1
2026-02-01,British Columbia,6.1
1976-01-01,Canada,7.1
1976-02-01,Canada,7.0
1976-03-01,Canada,6.7
1976-04-01,Canada,6.8
1976-05-01,Canada,6.9
1976-06-01,Canada,6.9
1976-07-01,Canada,7.4
1976-08-01,Canada,7.1
1976-09-01,Canada,7.0
1976-10-01,Canada,7.4
1976-11-01,Canada,7.4
1976-12-01,Canada,7.5
1977-01-01,Canada,7.6
1977-02-01,Canada,7.9
1977-03-01,Canada,7.8
1977-04-01,Canada,7.9
1977-05-01,Canada,7.8
1977-06-01,Canada,7.8
1977-07-01,Canada,8.1
1977-08-01,Canada,8.2
1977-09-01,Canada,8.3
1977-10-01,Canada,8.4
1977-11-01,Canada,8.5
1977-12-01,Canada,8.5
1978-01-01,Canada,8.3
1978-02-01,Canada,8.3
1978-03-01,Canada,8.5
1978-04-01,Canada,8.4
1978-05-01,Canada,8.6
1978-06-01,Canada,8.4
1978-07-01,Canada,8.3
1978-08-01,Canada,8.4
1978-09-01,Canada,8.4
1978-10-01,Canada,8.2
1978-11-01,Canada,8.3
1978-12-01,Canada,8.3
1979-01-01,Canada,8.2
1979-02-01,Canada,8.0
1979-03-01,Canada,7.9
1979-04-01,Canada,8.0
1979-05-01,Canada,7.6
1979-06-01,Canada,7.4
1979-07-01,Canada,7.2
1979-08-01,Canada,7.1
1979-09-01,Canada,7.0
1979-10-01,Canada,7.2
1979-11-01,Canada,7.2
1979-12-01,Canada,7.2
1980-01-01,Canada,7.5
1980-02-01,Canada,7.6
1980-03-01,Canada,7.6
1980-04-01,Canada,7.7
1980-05-01,Canada,7.8
1980-06-01,Canada,7.7
1980-07-01,Canada,7.6
1980-08-01,Canada,7.6
1980-09-01,Canada,7.3
1980-10-01,Canada,7.3
1980-11-01,Canada,7.2
1980-12-01,Canada,7.3
1981-01-01,Canada,7.4
1981-02-01,Canada,7.4
1981-03-01,Canada,7.4
1981-04-01,Canada,7.1
1981-05-01,Canada,7.2
1981-06-01,Canada,7.2
1981-07-01,Canada,7.2
1981-08-01,Canada,7.1
1981-09-01,Canada,8.1
1981-10-01,Canada,8.3
1981-11-01,Canada,8.3
1981-12-01,Canada,8.7
1982-01-01,Canada,8.6
1982-02-01,Canada,8.9
1982-03-01,Canada,9.3
1982-04-01,Canada,9.8
1982-05-01,Canada,10.3
1982-06-01,Canada,11.1
1982-07-01,Canada,11.9
1982-08-01,Canada,12.0
1982-09-01,Canada,12.4
1982-10-01,Canada,12.9
1982-11-01,Canada,12.9
1982-12-01,Canada,13.1
1983-01-01,Canada,12.7
1983-02-01,Canada,12.7
1983-03-01,Canada,12.5
1983-04-01,Canada,12.4
1983-05-01,Canada,12.4
1983-06-01,Canada,12.4
1983-07-01,Canada,11.9
1983-08-01,Canada,11.7
1983-09-01,Canada,11.4
1983-10-01,Canada,11.3
1983-11-01,Canada,11.3
1983-12-01,Canada,11.3
1984-01-01,Canada,11.3
1984-02-01,Canada,11.3
1984-03-01,Canada,11.3
1984-04-01,Canada,11.5
1984-05-01,Canada,11.7
1984-06-01,Canada,11.3
1984-07-01,Canada,11.2
1984-08-01,Canada,11.3
1984-09-01,Canada,11.8
1984-10-01,Canada,11.3
1984-11-01,Canada,11.4
1984-12-01,Canada,11.1
1985-01-01,Canada,10.6
1985-02-01,Canada,10.8
1985-03-01,Canada,11.0
1985-04-01,Canada,10.8
1985-05-01,Canada,10.6
1985-06-01,Canada,10.7
1985-07-01,Canada,10.4
1985-08-01,Canada,10.3
1985-09-01,Canada,10.2
1985-10-01,Canada,10.3
1985-11-01,Canada,10.3
1985-12-01,Canada,10.1
1986-01-01,Canada,9.8
1986-02-01,Canada,9.9
1986-03-01,Canada,9.8
1986-04-01,Canada,9.7
1986-05-01,Canada,9.5
1986-06-01,Canada,9.6
1986-07-01,Canada,9.6
1986-08-01,Canada,9.6
1986-09-01,Canada,9.5
1986-10-01,Canada,9.4
1986-11-01,Canada,9.4
1986-12-01,Canada,9.5
1987-01-01,Canada,9.5
1987-02-01,Canada,9.5
1987-03-01,Canada,9.4
1987-04-01,Canada,9.2
1987-05-01,Canada,8.9
1987-06-01,Canada,8.9
1987-07-01,Canada,8.7
1987-08-01,Canada,8.6
1987-09-01,Canada,8.4
1987-10-01,Canada,8.3
1987-11-01,Canada,8.2
1987-12-01,Canada,8.0
1988-01-01,Canada,8.1
1988-02-01,Canada,7.8
1988-03-01,Canada,7.8
1988-04-01,Canada,7.7
1988-05-01,Canada,7.8
1988-06-01,Canada,7.6
1988-07-01,Canada,7.8
1988-08-01,Canada,7.8
1988-09-01,Canada,7.8
1988-10-01,Canada,7.8
1988-11-01,Canada,7.8
1988-12-01,Canada,7.5
1989-01-01,Canada,7.5
1989-02-01,Canada,7.6
1989-03-01,Canada,7.5
1989-04-01,Canada,7.8
1989-05-01,Canada,7.7
1989-06-01,Canada,7.5
1989-07-01,Canada,7.5
1989-08-01,Canada,7.3
1989-09-01,Canada,7.3
1989-10-01,Canada,7.2
1989-11-01,Canada,7.5
1989-12-01,Canada,7.7
1990-01-01,Canada,7.9
1990-02-01,Canada,7.7
1990-03-01,Canada,7.3
1990-04-01,Canada,7.6
1990-05-01,Canada,7.8
1990-06-01,Canada,7.6
1990-07-01,Canada,7.9
1990-08-01,Canada,8.1
1990-09-01,Canada,8.5
1990-10-01,Canada,8.8
1990-11-01,Canada,9.1
1990-12-01,Canada,9.5
1991-01-01,Canada,9.8
1991-02-01,Canada,10.2
1991-03-01,Canada,10.5
1991-04-01,Canada,10.3
1991-05-01,Canada,10.2
1991-06-01,Canada,10.5
1991-07-01,Canada,10.5
1991-08-01,Canada,10.5
1991-09-01,Canada,10.3
1991-10-01,Canada,10.3
1991-11-01,Canada,10.4
1991-12-01,Canada,10.3
1992-01-01,Canada,10.4
1992-02-01,Canada,10.5
1992-03-01,Canada,10.9
1992-04-01,Canada,10.7
1992-05-01,Canada,10.9
1992-06-01,Canada,11.4
1992-07-01,Canada,11.3
1992-08-01,Canada,11.7
1992-09-01,Canada,11.6
1992-10-01,Canada,11.4
1992-11-01,Canada,12.1
1992-12-01,Canada,11.7
1993-01-01,Canada,11.2
1993-02-01,Canada,11.0
1993-03-01,Canada,11.2
1993-04-01,Canada,11.6
1993-05-01,Canada,11.6
1993-06-01,Canada,11.7
1993-07-01,Canada,11.6
1993-08-01,Canada,11.2
1993-09-01,Canada,11.5
1993-10-01,Canada,11.3
1993-11-01,Canada,11.2
1993-12-01,Canada,11.4
1994-01-01,Canada,11.4
1994-02-01,Canada,11.1
1994-03-01,Canada,10.6
1994-04-01,Canada,10.9
1994-05-01,Canada,10.7
1994-06-01,Canada,10.3
1994-07-01,Canada,10.1
1994-08-01,Canada,10.2
1994-09-01,Canada,10.1
1994-10-01,Canada,10.0
1994-11-01,Canada,9.7
1994-12-01,Canada,9.6
1995-01-01,Canada,9.6
1995-02-01,Canada,9.6
1995-03-01,Canada,9.7
1995-04-01,Canada,9.5
1995-05-01,Canada,9.5
1995-06-01,Canada,9.5
1995-07-01,Canada,9.6
1995-08-01,Canada,9.5
1995-09-01,Canada,9.2
1995-10-01,Canada,9.3
1995-11-01,Canada,9.2
1995-12-01,Canada,9.4
1996-01-01,Canada,9.4
1996-02-01,Canada,9.5
1996-03-01,Canada,9.6
1996-04-01,Canada,9.3
1996-05-01,Canada,9.2
1996-06-01,Canada,9.8
1996-07-01,Canada,9.7
1996-08-01,Canada,9.4
1996-09-01,Canada,9.9
1996-10-01,Canada,9.9
1996-11-01,Canada,9.9
1996-12-01,Canada,9.7
1997-01-01,Canada,9.5
1997-02-01,Canada,9.5
1997-03-01,Canada,9.3
1997-04-01,Canada,9.4
1997-05-01,Canada,9.4
1997-06-01,Canada,9.1
1997-07-01,Canada,8.9
1997-08-01,Canada,8.9
1997-09-01,Canada,8.8
1997-10-01,Canada,8.9
1997-11-01,Canada,8.9
1997-12-01,Canada,8.5
1998-01-01,Canada,8.8
1998-02-01,Canada,8.6
1998-03-01,Canada,8.4
1998-04-01,Canada,8.3
1998-05-01,Canada,8.3
1998-06-01,Canada,8.4
1998-07-01,Canada,8.3
1998-08-01,Canada,8.1
1998-09-01,Canada,8.2
1998-10-01,Canada,8.0
1998-11-01,Canada,8.0
1998-12-01,Canada,8.1
1999-01-01,Canada,7.9
1999-02-01,Canada,7.9
1999-03-01,Canada,7.9
1999-04-01,Canada,8.2
1999-05-01,Canada,7.9
1999-06-01,Canada,7.6
1999-07-01,Canada,7.6
1999-08-01,Canada,7.4
1999-09-01,Canada,7.5
1999-10-01,Canada,7.2
1999-11-01,Canada,6.9
1999-12-01,Canada,6.8
2000-01-01,Canada,6.8
2000-02-01,Canada,6.9
2000-03-01,Canada,6.9
2000-04-01,Canada,6.7
2000-05-01,Canada,6.6
2000-06-01,Canada,6.7
2000-07-01,Canada,6.8
2000-08-01,Canada,7.0
2000-09-01,Canada,6.9
2000-10-01,Canada,7.0
2000-11-01,Canada,6.9
2000-12-01,Canada,6.8
2001-01-01,Canada,6.9
2001-02-01,Canada,7.0
2001-03-01,Canada,7.1
2001-04-01,Canada,7.1
2001-05-01,Canada,7.0
2001-06-01,Canada,7.2
2001-07-01,Canada,7.1
2001-08-01,Canada,7.2
2001-09-01,Canada,7.2
2001-10-01,Canada,7.3
2001-11-01,Canada,7.5
2001-12-01,Canada,8.1
2002-01-01,Canada,8.0
2002-02-01,Canada,7.9
2002-03-01,Canada,7.9
2002-04-01,Canada,7.7
2002-05-01,Canada,7.8
2002-06-01,Canada,7.6
2002-07-01,Canada,7.6
2002-08-01,Canada,7.4
2002-09-01,Canada,7.6
2002-10-01,Canada,7.6
2002-11-01,Canada,7.5
2002-12-01,Canada,7.6
2003-01-01,Canada,7.5
2003-02-01,Canada,7.5
2003-03-01,Canada,7.4
2003-04-01,Canada,7.6
2003-05-01,Canada,7.8
2003-06-01,Canada,7.6
2003-07-01,Canada,7.7
2003-08-01,Canada,7.8
2003-09-01,Canada,7.9
2003-10-01,Canada,7.6
2003-11-01,Canada,7.4
2003-12-01,Canada,7.3
2004-01-01,Canada,7.3
2004-02-01,Canada,7.3
2004-03-01,Canada,7.3
2004-04-01,Canada,7.2
2004-05-01,Canada,7.1
2004-06-01,Canada,7.2
2004-07-01,Canada,7.1
2004-08-01,Canada,7.0
2004-09-01,Canada,6.9
2004-10-01,Canada,7.1
2004-11-01,Canada,7.2
2004-12-01,Canada,7.1
2005-01-01,Canada,6.9
2005-02-01,Canada,7.0
2005-03-01,Canada,6.9
2005-04-01,Canada,6.7
2005-05-01,Canada,7.0
2005-06-01,Canada,6.8
2005-07-01,Canada,6.7
2005-08-01,Canada,6.7
2005-09-01,Canada,6.7
2005-10-01,Canada,6.7
2005-11-01,Canada,6.3
2005-12-01,Canada,6.6
2006-01-01,Canada,6.7
2006-02-01,Canada,6.6
2006-03-01,Canada,6.5
2006-04-01,Canada,6.5
2006-05-01,Canada,6.2
2006-06-01,Canada,6.3
2006-07-01,Canada,6.5
2006-08-01,Canada,6.5
2006-09-01,Canada,6.5
2006-10-01,Canada,6.3
2006-11-01,Canada,6.5
2006-12-01,Canada,6.3
2007-01-01,Canada,6.4
2007-02-01,Canada,6.3
2007-03-01,Canada,6.3
2007-04-01,Canada,6.3
2007-05-01,Canada,6.2
2007-06-01,Canada,6.1
2007-07-01,Canada,6.0
2007-08-01,Canada,6.0
2007-09-01,Canada,6.0
2007-10-01,Canada,6.0
2007-11-01,Canada,6.1
2007-12-01,Canada,6.2
2008-01-01,Canada,6.1
2008-02-01,Canada,6.1
2008-03-01,Canada,6.2
2008-04-01,Canada,6.2
2008-05-01,Canada,6.2
2008-06-01,Canada,6.1
2008-07-01,Canada,6.2
2008-08-01,Canada,6.2
2008-09-01,Canada,6.3
2008-10-01,Canada,6.4
2008-11-01,Canada,6.7
2008-12-01,Canada,7.0
2009-01-01,Canada,7.5
2009-02-01,Canada,8.1
2009-03-01,Canada,8.4
2009-04-01,Canada,8.4
2009-05-01,Canada,8.7
2009-06-01,Canada,8.8
2009-07-01,Canada,8.8
2009-08-01,Canada,8.7
2009-09-01,Canada,8.5
2009-10-01,Canada,8.6
2009-11-01,Canada,8.6
2009-12-01,Canada,8.6
2010-01-01,Canada,8.4
2010-02-01,Canada,8.4
2010-03-01,Canada,8.3
2010-04-01,Canada,8.2
2010-05-01,Canada,8.2
2010-06-01,Canada,8.0
2010-07-01,Canada,8.2
2010-08-01,Canada,8.2
2010-09-01,Canada,8.2
2010-10-01,Canada,8.1
2010-11-01,Canada,7.9
2010-12-01,Canada,7.8
2011-01-01,Canada,7.8
2011-02-01,Canada,7.8
2011-03-01,Canada,7.8
2011-04-01,Canada,7.8
2011-05-01,Canada,7.7
2011-06-01,Canada,7.7
2011-07-01,Canada,7.4
2011-08-01,Canada,7.4
2011-09-01,Canada,7.5
2011-10-01,Canada,7.5
2011-11-01,Canada,7.6
2011-12-01,Canada,7.5
2012-01-01,Canada,7.7
2012-02-01,Canada,7.6
2012-03-01,Canada,7.4
2012-04-01,Canada,7.4
2012-05-01,Canada,7.6
2012-06-01,Canada,7.4
2012-07-01,Canada,7.3
2012-08-01,Canada,7.4
2012-09-01,Canada,7.4
2012-10-01,Canada,7.4
2012-11-01,Canada,7.4
2012-12-01,Canada,7.3
2013-01-01,Canada,7.1
2013-02-01,Canada,7.1
2013-03-01,Canada,7.3
2013-04-01,Canada,7.2
2013-05-01,Canada,7.1
2013-06-01,Canada,7.2
2013-07-01,Canada,7.3
2013-08-01,Canada,7.3
2013-09-01,Canada,7.1
2013-10-01,Canada,7.3
2013-11-01,Canada,7.1
2013-12-01,Canada,7.4
2014-01-01,Canada,7.3
2014-02-01,Canada,7.3
2014-03-01,Canada,7.1
2014-04-01,Canada,7.1
2014-05-01,Canada,7.3
2014-06-01,Canada,7.2
2014-07-01,Canada,7.1
2014-08-01,Canada,7.0
2014-09-01,Canada,7.0
2014-10-01,Canada,6.8
2014-11-01,Canada,6.8
2014-12-01,Canada,6.7
2015-01-01,Canada,6.8
2015-02-01,Canada,6.9
2015-03-01,Canada,6.9
2015-04-01,Canada,7.0
2015-05-01,Canada,6.9
2015-06-01,Canada,6.9
2015-07-01,Canada,7.0
2015-08-01,Canada,7.1
2015-09-01,Canada,7.1
2015-10-01,Canada,7.0
2015-11-01,Canada,7.1
2015-12-01,Canada,7.3
2016-01-01,Canada,7.2
2016-02-01,Canada,7.3
2016-03-01,Canada,7.2
2016-04-01,Canada,7.3
2016-05-01,Canada,7.1
2016-06-01,Canada,7.0
2016-07-01,Canada,7.0
2016-08-01,Canada,6.9
2016-09-01,Canada,7.0
2016-10-01,Canada,6.9
2016-11-01,Canada,6.8
2016-12-01,Canada,6.9
2017-01-01,Canada,6.9
2017-02-01,Canada,6.6
2017-03-01,Canada,6.7
2017-04-01,Canada,6.5
2017-05-01,Canada,6.6
2017-06-01,Canada,6.5
2017-07-01,Canada,6.3
2017-08-01,Canada,6.2
2017-09-01,Canada,6.2
2017-10-01,Canada,6.3
2017-11-01,Canada,6.2
2017-12-01,Canada,6.0
2018-01-01,Canada,5.9
2018-02-01,Canada,6.0
2018-03-01,Canada,5.8
2018-04-01,Canada,5.8
2018-05-01,Canada,5.9
2018-06-01,Canada,6.0
2018-07-01,Canada,5.9
2018-08-01,Canada,6.0
2018-09-01,Canada,5.8
2018-10-01,Canada,5.6
2018-11-01,Canada,5.7
2018-12-01,Canada,5.6
2019-01-01,Canada,5.7
2019-02-01,Canada,5.8
2019-03-01,Canada,5.8
2019-04-01,Canada,5.7
2019-05-01,Canada,5.5
2019-06-01,Canada,5.6
2019-07-01,Canada,5.7
2019-08-01,Canada,5.7
2019-09-01,Canada,5.6
2019-10-01,Canada,5.6
2019-11-01,Canada,5.9
2019-12-01,Canada,5.6
2020-01-01,Canada,5.5
2020-02-01,Canada,5.8
2020-03-01,Canada,8.5
2020-04-01,Canada,13.7
2020-05-01,Canada,14.2
2020-06-01,Canada,12.6
2020-07-01,Canada,10.9
2020-08-01,Canada,10.1
2020-09-01,Canada,9.1
2020-10-01,Canada,9.0
2020-11-01,Canada,8.6
2020-12-01,Canada,8.9
2021-01-01,Canada,9.2
2021-02-01,Canada,8.5
2021-03-01,Canada,7.7
2021-04-01,Canada,8.2
2021-05-01,Canada,8.3
2021-06-01,Canada,7.9
2021-07-01,Canada,7.4
2021-08-01,Canada,7.1
2021-09-01,Canada,7.0
2021-10-01,Canada,6.5
2021-11-01,Canada,6.1
2021-12-01,Canada,5.9
2022-01-01,Canada,6.4
2022-02-01,Canada,5.5
2022-03-01,Canada,5.4
2022-04-01,Canada,5.4
2022-05-01,Canada,5.2
2022-06-01,Canada,4.9
2022-07-01,Canada,4.8
2022-08-01,Canada,5.2
2022-09-01,Canada,5.1
2022-10-01,Canada,5.1
2022-11-01,Canada,5.0
2022-12-01,Canada,5.0
2023-01-01,Canada,5.1
2023-02-01,Canada,5.2
2023-03-01,Canada,5.1
2023-04-01,Canada,5.1
2023-05-01,Canada,5.2
2023-06-01,Canada,5.4
2023-07-01,Canada,5.4
2023-08-01,Canada,5.4
2023-09-01,Canada,5.5
2023-10-01,Canada,5.7
2023-11-01,Canada,5.8
2023-12-01,Canada,5.8
2024-01-01,Canada,5.7
2024-02-01,Canada,5.9
2024-03-01,Canada,6.1
2024-04-01,Canada,6.2
2024-05-01,Canada,6.3
2024-06-01,Canada,6.4
2024-07-01,Canada,6.4
2024-08-01,Canada,6.6
2024-09-01,Canada,6.5
2024-10-01,Canada,6.6
2024-11-01,Canada,7.0
2024-12-01,Canada,6.7
2025-01-01,Canada,6.7
2025-02-01,Canada,6.6
2025-03-01,Canada,6.8
2025-04-01,Canada,6.9
2025-05-01,Canada,7.0
2025-06-01,Canada,6.9
2025-07-01,Canada,6.9
2025-08-01,Canada,7.1
2025-09-01,Canada,7.1
2025-10-01,Canada,6.9
2025-11-01,Canada,6.6
2025-12-01,Canada,6.8
2026-01-01,Canada,6.5
2026-02-01,Canada,6.7
1976-01-01,Manitoba,5.6
1976-02-01,Manitoba,4.9
1976-03-01,Manitoba,4.4
1976-04-01,Manitoba,4.0
1976-05-01,Manitoba,4.4
1976-06-01,Manitoba,4.4
1976-07-01,Manitoba,4.6
1976-08-01,Manitoba,4.3
1976-09-01,Manitoba,4.7
1976-10-01,Manitoba,4.6
1976-11-01,Manitoba,4.9
1976-12-01,Manitoba,5.1
1977-01-01,Manitoba,5.3
1977-02-01,Manitoba,5.1
1977-03-01,Manitoba,5.3
1977-04-01,Manitoba,5.6
1977-05-01,Manitoba,5.1
1977-06-01,Manitoba,5.5
1977-07-01,Manitoba,5.6
1977-08-01,Manitoba,5.5
1977-09-01,Manitoba,5.6
1977-10-01,Manitoba,5.9
1977-11-01,Manitoba,6.6
1977-12-01,Manitoba,6.6
1978-01-01,Manitoba,6.5
1978-02-01,Manitoba,6.4
1978-03-01,Manitoba,6.5
1978-04-01,Manitoba,6.1
1978-05-01,Manitoba,6.7
1978-06-01,Manitoba,6.3
1978-07-01,Manitoba,6.5
1978-08-01,Manitoba,6.4
1978-09-01,Manitoba,7.1
1978-10-01,Manitoba,6.5
1978-11-01,Manitoba,6.7
1978-12-01,Manitoba,6.4
1979-01-01,Manitoba,6.1
1979-02-01,Manitoba,6.0
1979-03-01,Manitoba,5.6
1979-04-01,Manitoba,6.2
1979-05-01,Manitoba,6.2
1979-06-01,Manitoba,5.1
1979-07-01,Manitoba,5.6
1979-08-01,Manitoba,5.2
1979-09-01,Manitoba,5.0
1979-10-01,Manitoba,4.7
1979-11-01,Manitoba,4.6
1979-12-01,Manitoba,4.9
1980-01-01,Manitoba,4.9
1980-02-01,Manitoba,5.5
1980-03-01,Manitoba,5.5
1980-04-01,Manitoba,5.7
1980-05-01,Manitoba,6.0
1980-06-01,Manitoba,5.4
1980-07-01,Manitoba,5.4
1980-08-01,Manitoba,5.8
1980-09-01,Manitoba,5.2
1980-10-01,Manitoba,5.4
1980-11-01,Manitoba,5.9
1980-12-01,Manitoba,5.0
1981-01-01,Manitoba,5.9
1981-02-01,Manitoba,5.6
1981-03-01,Manitoba,6.0
1981-04-01,Manitoba,5.6
1981-05-01,Manitoba,5.3
1981-06-01,Manitoba,5.8
1981-07-01,Manitoba,6.5
1981-08-01,Manitoba,5.9
1981-09-01,Manitoba,6.2
1981-10-01,Manitoba,5.9
1981-11-01,Manitoba,6.3
1981-12-01,Manitoba,6.7
1982-01-01,Manitoba,6.8
1982-02-01,Manitoba,6.6
1982-03-01,Manitoba,7.2
1982-04-01,Manitoba,7.4
1982-05-01,Manitoba,7.8
1982-06-01,Manitoba,8.7
1982-07-01,Manitoba,8.4
1982-08-01,Manitoba,9.4
1982-09-01,Manitoba,9.5
1982-10-01,Manitoba,9.8
1982-11-01,Manitoba,11.0
1982-12-01,Manitoba,10.5
1983-01-01,Manitoba,9.9
1983-02-01,Manitoba,9.9
1983-03-01,Manitoba,9.5
1983-04-01,Manitoba,9.8
1983-05-01,Manitoba,10.6
1983-06-01,Manitoba,10.1
1983-07-01,Manitoba,9.5
1983-08-01,Manitoba,8.8
1983-09-01,Manitoba,9.2
1983-10-01,Manitoba,9.4
1983-11-01,Manitoba,8.8
1983-12-01,Manitoba,8.5
1984-01-01,Manitoba,8.5
1984-02-01,Manitoba,8.7
1984-03-01,Manitoba,8.2
1984-04-01,Manitoba,8.2
1984-05-01,Manitoba,8.2
1984-06-01,Manitoba,8.3
1984-07-01,Manitoba,8.4
1984-08-01,Manitoba,8.8
1984-09-01,Manitoba,8.8
1984-10-01,Manitoba,9.0
1984-11-01,Manitoba,8.5
1984-12-01,Manitoba,8.6
1985-01-01,Manitoba,8.4
1985-02-01,Manitoba,8.5
1985-03-01,Manitoba,8.8
1985-04-01,Manitoba,8.5
1985-05-01,Manitoba,8.2
1985-06-01,Manitoba,8.6
1985-07-01,Manitoba,8.5
1985-08-01,Manitoba,8.9
1985-09-01,Manitoba,7.9
1985-10-01,Manitoba,7.6
1985-11-01,Manitoba,7.8
1985-12-01,Manitoba,7.5
1986-01-01,Manitoba,7.7
1986-02-01,Manitoba,7.7
1986-03-01,Manitoba,8.1
1986-04-01,Manitoba,8.0
1986-05-01,Manitoba,8.0
1986-06-01,Manitoba,7.2
1986-07-01,Manitoba,7.8
1986-08-01,Manitoba,7.4
1986-09-01,Manitoba,6.6
1986-10-01,Manitoba,6.6
1986-11-01,Manitoba,7.9
1986-12-01,Manitoba,8.1
1987-01-01,Manitoba,8.3
1987-02-01,Manitoba,7.2
1987-03-01,Manitoba,7.7
1987-04-01,Manitoba,7.5
1987-05-01,Manitoba,7.1
1987-06-01,Manitoba,7.6
1987-07-01,Manitoba,6.8
1987-08-01,Manitoba,7.7
1987-09-01,Manitoba,7.5
1987-10-01,Manitoba,7.9
1987-11-01,Manitoba,7.2
1987-12-01,Manitoba,7.3
1988-01-01,Manitoba,7.7
1988-02-01,Manitoba,7.7
1988-03-01,Manitoba,7.7
1988-04-01,Manitoba,7.7
1988-05-01,Manitoba,7.6
1988-06-01,Manitoba,7.3
1988-07-01,Manitoba,7.8
1988-08-01,Manitoba,7.8
1988-09-01,Manitoba,8.2
1988-10-01,Manitoba,8.0
1988-11-01,Manitoba,7.8
1988-12-01,Manitoba,7.4
1989-01-01,Manitoba,7.6
1989-02-01,Manitoba,8.0
1989-03-01,Manitoba,7.8
1989-04-01,Manitoba,7.9
1989-05-01,Manitoba,7.6
1989-06-01,Manitoba,7.1
1989-07-01,Manitoba,6.8
1989-08-01,Manitoba,6.3
1989-09-01,Manitoba,7.0
1989-10-01,Manitoba,7.4
1989-11-01,Manitoba,8.0
1989-12-01,Manitoba,7.5
1990-01-01,Manitoba,6.9
1990-02-01,Manitoba,7.1
1990-03-01,Manitoba,6.8
1990-04-01,Manitoba,6.7
1990-05-01,Manitoba,7.7
1990-06-01,Manitoba,8.3
1990-07-01,Manitoba,7.6
1990-08-01,Manitoba,7.3
1990-09-01,Manitoba,7.0
1990-10-01,Manitoba,7.1
1990-11-01,Manitoba,7.7
1990-12-01,Manitoba,8.1
1991-01-01,Manitoba,7.8
1991-02-01,Manitoba,8.3
1991-03-01,Manitoba,8.4
1991-04-01,Manitoba,8.7
1991-05-01,Manitoba,8.2
1991-06-01,Manitoba,8.5
1991-07-01,Manitoba,9.0
1991-08-01,Manitoba,9.2
1991-09-01,Manitoba,9.7
1991-10-01,Manitoba,9.3
1991-11-01,Manitoba,8.4
1991-12-01,Manitoba,7.8
1992-01-01,Manitoba,9.1
1992-02-01,Manitoba,8.2
1992-03-01,Manitoba,9.3
1992-04-01,Manitoba,9.1
1992-05-01,Manitoba,9.2
1992-06-01,Manitoba,9.3
1992-07-01,Manitoba,10.0
1992-08-01,Manitoba,9.6
1992-09-01,Manitoba,9.4
1992-10-01,Manitoba,8.9
1992-11-01,Manitoba,9.9
1992-12-01,Manitoba,9.7
1993-01-01,Manitoba,8.4
1993-02-01,Manitoba,8.6
1993-03-01,Manitoba,8.9
1993-04-01,Manitoba,9.2
1993-05-01,Manitoba,9.7
1993-06-01,Manitoba,10.3
1993-07-01,Manitoba,10.0
1993-08-01,Manitoba,9.2
1993-09-01,Manitoba,9.4
1993-10-01,Manitoba,9.5
1993-11-01,Manitoba,9.6
1993-12-01,Manitoba,9.3
1994-01-01,Manitoba,9.9
1994-02-01,Manitoba,10.3
1994-03-01,Manitoba,9.4
1994-04-01,Manitoba,9.2
1994-05-01,Manitoba,8.7
1994-06-01,Manitoba,8.3
1994-07-01,Manitoba,7.7
1994-08-01,Manitoba,8.8
1994-09-01,Manitoba,8.5
1994-10-01,Manitoba,8.6
1994-11-01,Manitoba,7.8
1994-12-01,Manitoba,7.6
1995-01-01,Manitoba,7.5
1995-02-01,Manitoba,7.5
1995-03-01,Manitoba,7.5
1995-04-01,Manitoba,7.5
1995-05-01,Manitoba,7.1
1995-06-01,Manitoba,7.1
1995-07-01,Manitoba,7.1
1995-08-01,Manitoba,7.4
1995-09-01,Manitoba,7.0
1995-10-01,Manitoba,7.2
1995-11-01,Manitoba,7.1
1995-12-01,Manitoba,6.9
1996-01-01,Manitoba,7.6
1996-02-01,Manitoba,7.3
1996-03-01,Manitoba,7.2
1996-04-01,Manitoba,7.2
1996-05-01,Manitoba,7.5
1996-06-01,Manitoba,7.4
1996-07-01,Manitoba,7.5
1996-08-01,Manitoba,6.8
1996-09-01,Manitoba,6.8
1996-10-01,Manitoba,6.7
1996-11-01,Manitoba,7.5
1996-12-01,Manitoba,7.3
1997-01-01,Manitoba,7.1
1997-02-01,Manitoba,6.7
1997-03-01,Manitoba,6.9
1997-04-01,Manitoba,6.8
1997-05-01,Manitoba,6.9
1997-06-01,Manitoba,6.5
1997-07-01,Manitoba,6.4
1997-08-01,Manitoba,6.1
1997-09-01,Manitoba,6.5
1997-10-01,Manitoba,6.2
1997-11-01,Manitoba,5.9
1997-12-01,Manitoba,5.6
1998-01-01,Manitoba,5.5
1998-02-01,Manitoba,5.8
1998-03-01,Manitoba,5.2
1998-04-01,Manitoba,5.7
1998-05-01,Manitoba,5.5
1998-06-01,Manitoba,5.6
1998-07-01,Manitoba,5.1
1998-08-01,Manitoba,5.3
1998-09-01,Manitoba,5.8
1998-10-01,Manitoba,5.7
1998-11-01,Manitoba,5.6
1998-12-01,Manitoba,5.8
1999-01-01,Manitoba,5.8
1999-02-01,Manitoba,5.5
1999-03-01,Manitoba,5.3
1999-04-01,Manitoba,5.7
1999-05-01,Manitoba,5.5
1999-06-01,Manitoba,5.7
1999-07-01,Manitoba,5.7
1999-08-01,Manitoba,6.0
1999-09-01,Manitoba,5.9
1999-10-01,Manitoba,5.4
1999-11-01,Manitoba,5.4
1999-12-01,Manitoba,5.4
2000-01-01,Manitoba,5.1
2000-02-01,Manitoba,5.3
2000-03-01,Manitoba,5.6
2000-04-01,Manitoba,4.9
2000-05-01,Manitoba,4.6
2000-06-01,Manitoba,4.5
2000-07-01,Manitoba,5.0
2000-08-01,Manitoba,5.0
2000-09-01,Manitoba,4.5
2000-10-01,Manitoba,4.6
2000-11-01,Manitoba,4.9
2000-12-01,Manitoba,5.1
2001-01-01,Manitoba,4.7
2001-02-01,Manitoba,4.4
2001-03-01,Manitoba,5.1
2001-04-01,Manitoba,5.1
2001-05-01,Manitoba,5.2
2001-06-01,Manitoba,5.8
2001-07-01,Manitoba,5.5
2001-08-01,Manitoba,5.2
2001-09-01,Manitoba,5.2
2001-10-01,Manitoba,5.1
2001-11-01,Manitoba,5.0
2001-12-01,Manitoba,4.8
2002-01-01,Manitoba,5.0
2002-02-01,Manitoba,5.7
2002-03-01,Manitoba,5.2
2002-04-01,Manitoba,5.3
2002-05-01,Manitoba,5.1
2002-06-01,Manitoba,5.0
2002-07-01,Manitoba,5.0
2002-08-01,Manitoba,5.0
2002-09-01,Manitoba,4.5
2002-10-01,Manitoba,5.1
2002-11-01,Manitoba,5.1
2002-12-01,Manitoba,5.0
2003-01-01,Manitoba,5.0
2003-02-01,Manitoba,5.1
2003-03-01,Manitoba,4.8
2003-04-01,Manitoba,4.3
2003-05-01,Manitoba,4.6
2003-06-01,Manitoba,4.6
2003-07-01,Manitoba,4.9
2003-08-01,Manitoba,4.9
2003-09-01,Manitoba,5.3
2003-10-01,Manitoba,5.3
2003-11-01,Manitoba,5.4
2003-12-01,Manitoba,5.2
2004-01-01,Manitoba,5.3
2004-02-01,Manitoba,5.0
2004-03-01,Manitoba,5.0
2004-04-01,Manitoba,5.2
2004-05-01,Manitoba,5.2
2004-06-01,Manitoba,5.7
2004-07-01,Manitoba,5.4
2004-08-01,Manitoba,5.4
2004-09-01,Manitoba,5.6
2004-10-01,Manitoba,5.3
2004-11-01,Manitoba,5.0
2004-12-01,Manitoba,5.1
2005-01-01,Manitoba,5.1
2005-02-01,Manitoba,5.0
2005-03-01,Manitoba,5.2
2005-04-01,Manitoba,4.7
2005-05-01,Manitoba,5.0
2005-06-01,Manitoba,4.9
2005-07-01,Manitoba,4.5
2005-08-01,Manitoba,4.4
2005-09-01,Manitoba,4.8
2005-10-01,Manitoba,4.6
2005-11-01,Manitoba,4.2
2005-12-01,Manitoba,4.5
2006-01-01,Manitoba,4.5
2006-02-01,Manitoba,4.5
2006-03-01,Manitoba,4.5
2006-04-01,Manitoba,5.0
2006-05-01,Manitoba,4.2
2006-06-01,Manitoba,4.0
2006-07-01,Manitoba,4.9
2006-08-01,Manitoba,4.5
2006-09-01,Manitoba,4.3
2006-10-01,Manitoba,4.4
2006-11-01,Manitoba,5.1
2006-12-01,Manitoba,4.5
2007-01-01,Manitoba,4.9
2007-02-01,Manitoba,4.6
2007-03-01,Manitoba,4.6
2007-04-01,Manitoba,5.2
2007-05-01,Manitoba,5.3
2007-06-01,Manitoba,4.9
2007-07-01,Manitoba,4.3
2007-08-01,Manitoba,4.4
2007-09-01,Manitoba,4.2
2007-10-01,Manitoba,4.3
2007-11-01,Manitoba,4.5
2007-12-01,Manitoba,4.4
2008-01-01,Manitoba,4.1
2008-02-01,Manitoba,4.2
2008-03-01,Manitoba,4.5
2008-04-01,Manitoba,4.2
2008-05-01,Manitoba,4.1
2008-06-01,Manitoba,3.9
2008-07-01,Manitoba,4.0
2008-08-01,Manitoba,4.0
2008-09-01,Manitoba,4.4
2008-10-01,Manitoba,4.3
2008-11-01,Manitoba,4.5
2008-12-01,Manitoba,4.7
2009-01-01,Manitoba,4.9
2009-02-01,Manitoba,5.2
2009-03-01,Manitoba,5.4
2009-04-01,Manitoba,5.0
2009-05-01,Manitoba,4.7
2009-06-01,Manitoba,5.5
2009-07-01,Manitoba,5.2
2009-08-01,Manitoba,5.7
2009-09-01,Manitoba,5.5
2009-10-01,Manitoba,6.0
2009-11-01,Manitoba,5.4
2009-12-01,Manitoba,5.8
2010-01-01,Manitoba,5.7
2010-02-01,Manitoba,5.6
2010-03-01,Manitoba,5.4
2010-04-01,Manitoba,5.1
2010-05-01,Manitoba,5.7
2010-06-01,Manitoba,5.5
2010-07-01,Manitoba,5.4
2010-08-01,Manitoba,5.5
2010-09-01,Manitoba,5.2
2010-10-01,Manitoba,5.1
2010-11-01,Manitoba,5.1
2010-12-01,Manitoba,5.4
2011-01-01,Manitoba,5.0
2011-02-01,Manitoba,5.3
2011-03-01,Manitoba,5.8
2011-04-01,Manitoba,5.4
2011-05-01,Manitoba,5.4
2011-06-01,Manitoba,5.5
2011-07-01,Manitoba,5.8
2011-08-01,Manitoba,5.3
2011-09-01,Manitoba,5.7
2011-10-01,Manitoba,5.4
2011-11-01,Manitoba,5.5
2011-12-01,Manitoba,5.5
2012-01-01,Manitoba,5.5
2012-02-01,Manitoba,5.5
2012-03-01,Manitoba,5.4
2012-04-01,Manitoba,5.2
2012-05-01,Manitoba,5.1
2012-06-01,Manitoba,5.5
2012-07-01,Manitoba,5.7
2012-08-01,Manitoba,5.8
2012-09-01,Manitoba,5.4
2012-10-01,Manitoba,5.8
2012-11-01,Manitoba,5.4
2012-12-01,Manitoba,5.1
2013-01-01,Manitoba,4.7
2013-02-01,Manitoba,5.3
2013-03-01,Manitoba,5.3
2013-04-01,Manitoba,5.8
2013-05-01,Manitoba,5.8
2013-06-01,Manitoba,5.5
2013-07-01,Manitoba,5.5
2013-08-01,Manitoba,5.3
2013-09-01,Manitoba,5.6
2013-10-01,Manitoba,5.7
2013-11-01,Manitoba,6.1
2013-12-01,Manitoba,5.6
2014-01-01,Manitoba,5.5
2014-02-01,Manitoba,5.5
2014-03-01,Manitoba,5.6
2014-04-01,Manitoba,5.8
2014-05-01,Manitoba,5.6
2014-06-01,Manitoba,5.4
2014-07-01,Manitoba,5.4
2014-08-01,Manitoba,5.7
2014-09-01,Manitoba,5.6
2014-10-01,Manitoba,5.4
2014-11-01,Manitoba,5.1
2014-12-01,Manitoba,5.6
2015-01-01,Manitoba,6.0
2015-02-01,Manitoba,5.5
2015-03-01,Manitoba,5.3
2015-04-01,Manitoba,5.4
2015-05-01,Manitoba,5.7
2015-06-01,Manitoba,5.2
2015-07-01,Manitoba,5.8
2015-08-01,Manitoba,6.0
2015-09-01,Manitoba,5.7
2015-10-01,Manitoba,5.5
2015-11-01,Manitoba,6.1
2015-12-01,Manitoba,5.9
2016-01-01,Manitoba,6.1
2016-02-01,Manitoba,5.9
2016-03-01,Manitoba,5.9
2016-04-01,Manitoba,6.0
2016-05-01,Manitoba,6.0
2016-06-01,Manitoba,6.2
2016-07-01,Manitoba,6.3
2016-08-01,Manitoba,6.0
2016-09-01,Manitoba,6.4
2016-10-01,Manitoba,6.1
2016-11-01,Manitoba,5.8
2016-12-01,Manitoba,5.8
2017-01-01,Manitoba,6.0
2017-02-01,Manitoba,5.8
2017-03-01,Manitoba,5.7
2017-04-01,Manitoba,5.4
2017-05-01,Manitoba,5.2
2017-06-01,Manitoba,5.1
2017-07-01,Manitoba,4.8
2017-08-01,Manitoba,4.8
2017-09-01,Manitoba,5.3
2017-10-01,Manitoba,5.1
2017-11-01,Manitoba,5.5
2017-12-01,Manitoba,5.5
2018-01-01,Manitoba,5.7
2018-02-01,Manitoba,6.1
2018-03-01,Manitoba,6.4
2018-04-01,Manitoba,6.2
2018-05-01,Manitoba,6.2
2018-06-01,Manitoba,6.0
2018-07-01,Manitoba,6.0
2018-08-01,Manitoba,5.6
2018-09-01,Manitoba,5.7
2018-10-01,Manitoba,6.2
2018-11-01,Manitoba,5.8
2018-12-01,Manitoba,5.9
2019-01-01,Manitoba,5.9
2019-02-01,Manitoba,5.6
2019-03-01,Manitoba,5.3
2019-04-01,Manitoba,5.1
2019-05-01,Manitoba,5.1
2019-06-01,Manitoba,5.5
2019-07-01,Manitoba,5.8
2019-08-01,Manitoba,5.2
2019-09-01,Manitoba,5.0
2019-10-01,Manitoba,5.3
2019-11-01,Manitoba,5.6
2019-12-01,Manitoba,4.9
2020-01-01,Manitoba,5.2
2020-02-01,Manitoba,5.3
2020-03-01,Manitoba,6.6
2020-04-01,Manitoba,11.5
2020-05-01,Manitoba,11.9
2020-06-01,Manitoba,10.5
2020-07-01,Manitoba,8.8
2020-08-01,Manitoba,8.0
2020-09-01,Manitoba,7.5
2020-10-01,Manitoba,7.1
2020-11-01,Manitoba,7.8
2020-12-01,Manitoba,8.4
2021-01-01,Manitoba,8.2
2021-02-01,Manitoba,7.0
2021-03-01,Manitoba,6.9
2021-04-01,Manitoba,7.2
2021-05-01,Manitoba,6.9
2021-06-01,Manitoba,7.6
2021-07-01,Manitoba,6.1
2021-08-01,Manitoba,5.7
2021-09-01,Manitoba,5.7
2021-10-01,Manitoba,5.0
2021-11-01,Manitoba,5.2
2021-12-01,Manitoba,5.2
2022-01-01,Manitoba,5.0
2022-02-01,Manitoba,4.5
2022-03-01,Manitoba,4.6
2022-04-01,Manitoba,4.8
2022-05-01,Manitoba,4.5
2022-06-01,Manitoba,4.0
2022-07-01,Manitoba,3.9
2022-08-01,Manitoba,5.0
2022-09-01,Manitoba,4.6
2022-10-01,Manitoba,4.5
2022-11-01,Manitoba,4.2
2022-12-01,Manitoba,4.5
2023-01-01,Manitoba,4.6
2023-02-01,Manitoba,4.9
2023-03-01,Manitoba,4.7
2023-04-01,Manitoba,4.9
2023-05-01,Manitoba,5.0
2023-06-01,Manitoba,4.8
2023-07-01,Manitoba,5.0
2023-08-01,Manitoba,5.4
2023-09-01,Manitoba,5.2
2023-10-01,Manitoba,5.1
2023-11-01,Manitoba,4.9
2023-12-01,Manitoba,4.2
2024-01-01,Manitoba,4.2
2024-02-01,Manitoba,4.7
2024-03-01,Manitoba,5.3
2024-04-01,Manitoba,5.5
2024-05-01,Manitoba,5.0
2024-06-01,Manitoba,5.5
2024-07-01,Manitoba,5.9
2024-08-01,Manitoba,5.7
2024-09-01,Manitoba,5.6
2024-10-01,Manitoba,6.0
2024-11-01,Manitoba,5.8
2024-12-01,Manitoba,6.3
2025-01-01,Manitoba,6.1
2025-02-01,Manitoba,6.1
2025-03-01,Manitoba,6.0
2025-04-01,Manitoba,5.4
2025-05-01,Manitoba,5.8
2025-06-01,Manitoba,5.5
2025-07-01,Manitoba,5.5
2025-08-01,Manitoba,5.8
2025-09-01,Manitoba,6.2
2025-10-01,Manitoba,5.9
2025-11-01,Manitoba,6.1
2025-12-01,Manitoba,5.7
2026-01-01,Manitoba,6.3
2026-02-01,Manitoba,5.7
1976-01-01,New Brunswick,11.2
1976-02-01,New Brunswick,10.9
1976-03-01,New Brunswick,10.5
1976-04-01,New Brunswick,10.3
1976-05-01,New Brunswick,10.9
1976-06-01,New Brunswick,11.0
1976-07-01,New Brunswick,10.7
1976-08-01,New Brunswick,10.4
1976-09-01,New Brunswick,10.8
1976-10-01,New Brunswick,11.3
1976-11-01,New Brunswick,11.7
1976-12-01,New Brunswick,12.0
1977-01-01,New Brunswick,13.2
1977-02-01,New Brunswick,13.2
1977-03-01,New Brunswick,13.5
1977-04-01,New Brunswick,12.4
1977-05-01,New Brunswick,13.4
1977-06-01,New Brunswick,13.0
1977-07-01,New Brunswick,12.6
1977-08-01,New Brunswick,13.1
1977-09-01,New Brunswick,13.7
1977-10-01,New Brunswick,13.7
1977-11-01,New Brunswick,14.2
1977-12-01,New Brunswick,14.3
1978-01-01,New Brunswick,12.9
1978-02-01,New Brunswick,13.5
1978-03-01,New Brunswick,12.6
1978-04-01,New Brunswick,13.0
1978-05-01,New Brunswick,12.8
1978-06-01,New Brunswick,11.9
1978-07-01,New Brunswick,12.3
1978-08-01,New Brunswick,12.9
1978-09-01,New Brunswick,12.1
1978-10-01,New Brunswick,12.3
1978-11-01,New Brunswick,11.6
1978-12-01,New Brunswick,11.7
1979-01-01,New Brunswick,11.8
1979-02-01,New Brunswick,11.5
1979-03-01,New Brunswick,11.5
1979-04-01,New Brunswick,11.7
1979-05-01,New Brunswick,10.7
1979-06-01,New Brunswick,10.8
1979-07-01,New Brunswick,10.6
1979-08-01,New Brunswick,11.2
1979-09-01,New Brunswick,9.9
1979-10-01,New Brunswick,10.0
1979-11-01,New Brunswick,9.8
1979-12-01,New Brunswick,10.2
1980-01-01,New Brunswick,9.8
1980-02-01,New Brunswick,10.2
1980-03-01,New Brunswick,11.0
1980-04-01,New Brunswick,10.9
1980-05-01,New Brunswick,11.8
1980-06-01,New Brunswick,11.9
1980-07-01,New Brunswick,11.6
1980-08-01,New Brunswick,11.7
1980-09-01,New Brunswick,10.9
1980-10-01,New Brunswick,11.1
1980-11-01,New Brunswick,11.1
1980-12-01,New Brunswick,10.8
1981-01-01,New Brunswick,11.5
1981-02-01,New Brunswick,11.3
1981-03-01,New Brunswick,10.6
1981-04-01,New Brunswick,10.9
1981-05-01,New Brunswick,10.8
1981-06-01,New Brunswick,10.8
1981-07-01,New Brunswick,11.0
1981-08-01,New Brunswick,10.7
1981-09-01,New Brunswick,12.5
1981-10-01,New Brunswick,12.8
1981-11-01,New Brunswick,12.7
1981-12-01,New Brunswick,13.1
1982-01-01,New Brunswick,13.0
1982-02-01,New Brunswick,13.2
1982-03-01,New Brunswick,13.1
1982-04-01,New Brunswick,13.7
1982-05-01,New Brunswick,14.0
1982-06-01,New Brunswick,14.1
1982-07-01,New Brunswick,14.0
1982-08-01,New Brunswick,14.5
1982-09-01,New Brunswick,14.9
1982-10-01,New Brunswick,15.2
1982-11-01,New Brunswick,15.1
1982-12-01,New Brunswick,14.6
1983-01-01,New Brunswick,14.7
1983-02-01,New Brunswick,15.5
1983-03-01,New Brunswick,15.1
1983-04-01,New Brunswick,15.6
1983-05-01,New Brunswick,15.2
1983-06-01,New Brunswick,15.0
1983-07-01,New Brunswick,14.7
1983-08-01,New Brunswick,14.8
1983-09-01,New Brunswick,14.7
1983-10-01,New Brunswick,14.3
1983-11-01,New Brunswick,14.6
1983-12-01,New Brunswick,14.9
1984-01-01,New Brunswick,14.2
1984-02-01,New Brunswick,14.0
1984-03-01,New Brunswick,14.1
1984-04-01,New Brunswick,13.9
1984-05-01,New Brunswick,14.7
1984-06-01,New Brunswick,14.6
1984-07-01,New Brunswick,14.3
1984-08-01,New Brunswick,14.6
1984-09-01,New Brunswick,15.9
1984-10-01,New Brunswick,14.9
1984-11-01,New Brunswick,15.0
1984-12-01,New Brunswick,15.1
1985-01-01,New Brunswick,15.4
1985-02-01,New Brunswick,15.7
1985-03-01,New Brunswick,16.5
1985-04-01,New Brunswick,14.9
1985-05-01,New Brunswick,14.8
1985-06-01,New Brunswick,15.6
1985-07-01,New Brunswick,15.0
1985-08-01,New Brunswick,15.3
1985-09-01,New Brunswick,14.5
1985-10-01,New Brunswick,14.6
1985-11-01,New Brunswick,15.2
1985-12-01,New Brunswick,15.1
1986-01-01,New Brunswick,15.1
1986-02-01,New Brunswick,14.8
1986-03-01,New Brunswick,14.6
1986-04-01,New Brunswick,15.0
1986-05-01,New Brunswick,14.6
1986-06-01,New Brunswick,14.6
1986-07-01,New Brunswick,14.8
1986-08-01,New Brunswick,14.3
1986-09-01,New Brunswick,13.4
1986-10-01,New Brunswick,13.3
1986-11-01,New Brunswick,13.2
1986-12-01,New Brunswick,13.5
1987-01-01,New Brunswick,13.9
1987-02-01,New Brunswick,13.6
1987-03-01,New Brunswick,13.7
1987-04-01,New Brunswick,13.7
1987-05-01,New Brunswick,13.2
1987-06-01,New Brunswick,13.1
1987-07-01,New Brunswick,12.8
1987-08-01,New Brunswick,12.2
1987-09-01,New Brunswick,12.8
1987-10-01,New Brunswick,13.5
1987-11-01,New Brunswick,12.9
1987-12-01,New Brunswick,12.5
1988-01-01,New Brunswick,12.8
1988-02-01,New Brunswick,11.9
1988-03-01,New Brunswick,12.4
1988-04-01,New Brunswick,11.6
1988-05-01,New Brunswick,12.4
1988-06-01,New Brunswick,11.7
1988-07-01,New Brunswick,11.3
1988-08-01,New Brunswick,11.4
1988-09-01,New Brunswick,11.8
1988-10-01,New Brunswick,11.5
1988-11-01,New Brunswick,11.5
1988-12-01,New Brunswick,11.0
1989-01-01,New Brunswick,11.8
1989-02-01,New Brunswick,12.0
1989-03-01,New Brunswick,11.4
1989-04-01,New Brunswick,11.7
1989-05-01,New Brunswick,11.8
1989-06-01,New Brunswick,12.4
1989-07-01,New Brunswick,12.5
1989-08-01,New Brunswick,12.2
1989-09-01,New Brunswick,11.4
1989-10-01,New Brunswick,11.5
1989-11-01,New Brunswick,12.2
1989-12-01,New Brunswick,12.9
1990-01-01,New Brunswick,12.3
1990-02-01,New Brunswick,12.7
1990-03-01,New Brunswick,11.8
1990-04-01,New Brunswick,12.1
1990-05-01,New Brunswick,11.0
1990-06-01,New Brunswick,12.1
1990-07-01,New Brunswick,12.1
1990-08-01,New Brunswick,12.3
1990-09-01,New Brunswick,11.8
1990-10-01,New Brunswick,12.4
1990-11-01,New Brunswick,12.2
1990-12-01,New Brunswick,12.0
1991-01-01,New Brunswick,12.0
1991-02-01,New Brunswick,11.9
1991-03-01,New Brunswick,12.4
1991-04-01,New Brunswick,12.3
1991-05-01,New Brunswick,12.3
1991-06-01,New Brunswick,12.5
1991-07-01,New Brunswick,13.0
1991-08-01,New Brunswick,13.0
1991-09-01,New Brunswick,13.1
1991-10-01,New Brunswick,13.9
1991-11-01,New Brunswick,13.4
1991-12-01,New Brunswick,13.2
1992-01-01,New Brunswick,13.2
1992-02-01,New Brunswick,13.0
1992-03-01,New Brunswick,13.7
1992-04-01,New Brunswick,13.2
1992-05-01,New Brunswick,13.7
1992-06-01,New Brunswick,13.2
1992-07-01,New Brunswick,12.6
1992-08-01,New Brunswick,13.2
1992-09-01,New Brunswick,12.1
1992-10-01,New Brunswick,12.2
1992-11-01,New Brunswick,13.2
1992-12-01,New Brunswick,12.2
1993-01-01,New Brunswick,11.9
1993-02-01,New Brunswick,11.3
1993-03-01,New Brunswick,12.6
1993-04-01,New Brunswick,11.8
1993-05-01,New Brunswick,12.0
1993-06-01,New Brunswick,12.4
1993-07-01,New Brunswick,13.6
1993-08-01,New Brunswick,13.4
1993-09-01,New Brunswick,13.7
1993-10-01,New Brunswick,13.2
1993-11-01,New Brunswick,12.6
1993-12-01,New Brunswick,13.5
1994-01-01,New Brunswick,12.5
1994-02-01,New Brunswick,12.7
1994-03-01,New Brunswick,13.0
1994-04-01,New Brunswick,12.7
1994-05-01,New Brunswick,13.2
1994-06-01,New Brunswick,12.5
1994-07-01,New Brunswick,12.8
1994-08-01,New Brunswick,12.0
1994-09-01,New Brunswick,12.7
1994-10-01,New Brunswick,13.1
1994-11-01,New Brunswick,12.5
1994-12-01,New Brunswick,11.6
1995-01-01,New Brunswick,12.3
1995-02-01,New Brunswick,12.2
1995-03-01,New Brunswick,11.5
1995-04-01,New Brunswick,11.7
1995-05-01,New Brunswick,11.3
1995-06-01,New Brunswick,12.4
1995-07-01,New Brunswick,11.3
1995-08-01,New Brunswick,11.5
1995-09-01,New Brunswick,10.4
1995-10-01,New Brunswick,10.8
1995-11-01,New Brunswick,10.9
1995-12-01,New Brunswick,11.2
1996-01-01,New Brunswick,11.2
1996-02-01,New Brunswick,10.8
1996-03-01,New Brunswick,10.5
1996-04-01,New Brunswick,10.7
1996-05-01,New Brunswick,10.4
1996-06-01,New Brunswick,12.3
1996-07-01,New Brunswick,11.9
1996-08-01,New Brunswick,11.7
1996-09-01,New Brunswick,12.9
1996-10-01,New Brunswick,12.8
1996-11-01,New Brunswick,12.6
1996-12-01,New Brunswick,12.9
1997-01-01,New Brunswick,12.5
1997-02-01,New Brunswick,12.6
1997-03-01,New Brunswick,13.1
1997-04-01,New Brunswick,12.7
1997-05-01,New Brunswick,12.8
1997-06-01,New Brunswick,12.8
1997-07-01,New Brunswick,12.5
1997-08-01,New Brunswick,12.5
1997-09-01,New Brunswick,12.1
1997-10-01,New Brunswick,12.5
1997-11-01,New Brunswick,12.5
1997-12-01,New Brunswick,12.2
1998-01-01,New Brunswick,12.9
1998-02-01,New Brunswick,13.1
1998-03-01,New Brunswick,12.3
1998-04-01,New Brunswick,12.9
1998-05-01,New Brunswick,11.9
1998-06-01,New Brunswick,12.2
1998-07-01,New Brunswick,11.5
1998-08-01,New Brunswick,12.0
1998-09-01,New Brunswick,11.8
1998-10-01,New Brunswick,11.7
1998-11-01,New Brunswick,11.6
1998-12-01,New Brunswick,11.5
1999-01-01,New Brunswick,11.6
1999-02-01,New Brunswick,11.3
1999-03-01,New Brunswick,10.4
1999-04-01,New Brunswick,10.6
1999-05-01,New Brunswick,9.9
1999-06-01,New Brunswick,8.6
1999-07-01,New Brunswick,9.3
1999-08-01,New Brunswick,9.2
1999-09-01,New Brunswick,10.2
1999-10-01,New Brunswick,10.1
1999-11-01,New Brunswick,9.6
1999-12-01,New Brunswick,10.1
2000-01-01,New Brunswick,9.7
2000-02-01,New Brunswick,9.6
2000-03-01,New Brunswick,10.3
2000-04-01,New Brunswick,10.4
2000-05-01,New Brunswick,10.4
2000-06-01,New Brunswick,10.4
2000-07-01,New Brunswick,9.8
2000-08-01,New Brunswick,9.9
2000-09-01,New Brunswick,9.6
2000-10-01,New Brunswick,9.9
2000-11-01,New Brunswick,10.5
2000-12-01,New Brunswick,9.8
2001-01-01,New Brunswick,10.3
2001-02-01,New Brunswick,11.2
2001-03-01,New Brunswick,12.7
2001-04-01,New Brunswick,11.5
2001-05-01,New Brunswick,11.6
2001-06-01,New Brunswick,10.9
2001-07-01,New Brunswick,11.2
2001-08-01,New Brunswick,10.7
2001-09-01,New Brunswick,10.9
2001-10-01,New Brunswick,10.5
2001-11-01,New Brunswick,11.2
2001-12-01,New Brunswick,11.2
2002-01-01,New Brunswick,11.0
2002-02-01,New Brunswick,10.9
2002-03-01,New Brunswick,10.3
2002-04-01,New Brunswick,9.9
2002-05-01,New Brunswick,9.4
2002-06-01,New Brunswick,10.0
2002-07-01,New Brunswick,10.1
2002-08-01,New Brunswick,9.7
2002-09-01,New Brunswick,10.0
2002-10-01,New Brunswick,10.1
2002-11-01,New Brunswick,10.3
2002-12-01,New Brunswick,10.5
2003-01-01,New Brunswick,9.9
2003-02-01,New Brunswick,10.6
2003-03-01,New Brunswick,9.6
2003-04-01,New Brunswick,10.3
2003-05-01,New Brunswick,11.6
2003-06-01,New Brunswick,10.1
2003-07-01,New Brunswick,10.1
2003-08-01,New Brunswick,10.4
2003-09-01,New Brunswick,9.9
2003-10-01,New Brunswick,9.9
2003-11-01,New Brunswick,9.7
2003-12-01,New Brunswick,9.8
2004-01-01,New Brunswick,10.1
2004-02-01,New Brunswick,9.4
2004-03-01,New Brunswick,9.8
2004-04-01,New Brunswick,10.0
2004-05-01,New Brunswick,9.9
2004-06-01,New Brunswick,10.1
2004-07-01,New Brunswick,10.0
2004-08-01,New Brunswick,10.1
2004-09-01,New Brunswick,9.4
2004-10-01,New Brunswick,9.3
2004-11-01,New Brunswick,9.7
2004-12-01,New Brunswick,9.3
2005-01-01,New Brunswick,9.7
2005-02-01,New Brunswick,9.4
2005-03-01,New Brunswick,9.3
2005-04-01,New Brunswick,9.3
2005-05-01,New Brunswick,9.3
2005-06-01,New Brunswick,10.2
2005-07-01,New Brunswick,9.6
2005-08-01,New Brunswick,9.7
2005-09-01,New Brunswick,10.1
2005-10-01,New Brunswick,10.7
2005-11-01,New Brunswick,9.5
2005-12-01,New Brunswick,9.4
2006-01-01,New Brunswick,8.8
2006-02-01,New Brunswick,9.9
2006-03-01,New Brunswick,9.6
2006-04-01,New Brunswick,9.6
2006-05-01,New Brunswick,8.9
2006-06-01,New Brunswick,8.7
2006-07-01,New Brunswick,9.6
2006-08-01,New Brunswick,9.4
2006-09-01,New Brunswick,8.8
2006-10-01,New Brunswick,9.1
2006-11-01,New Brunswick,8.9
2006-12-01,New Brunswick,8.9
2007-01-01,New Brunswick,8.2
2007-02-01,New Brunswick,7.3
2007-03-01,New Brunswick,7.5
2007-04-01,New Brunswick,7.7
2007-05-01,New Brunswick,7.6
2007-06-01,New Brunswick,7.3
2007-07-01,New Brunswick,7.1
2007-08-01,New Brunswick,7.9
2007-09-01,New Brunswick,8.5
2007-10-01,New Brunswick,7.9
2007-11-01,New Brunswick,7.7
2007-12-01,New Brunswick,8.1
2008-01-01,New Brunswick,8.5
2008-02-01,New Brunswick,8.8
2008-03-01,New Brunswick,8.8
2008-04-01,New Brunswick,8.6
2008-05-01,New Brunswick,8.8
2008-06-01,New Brunswick,8.9
2008-07-01,New Brunswick,8.7
2008-08-01,New Brunswick,8.0
2008-09-01,New Brunswick,8.5
2008-10-01,New Brunswick,9.0
2008-11-01,New Brunswick,8.9
2008-12-01,New Brunswick,8.8
2009-01-01,New Brunswick,8.7
2009-02-01,New Brunswick,9.0
2009-03-01,New Brunswick,9.5
2009-04-01,New Brunswick,8.9
2009-05-01,New Brunswick,9.1
2009-06-01,New Brunswick,9.2
2009-07-01,New Brunswick,9.0
2009-08-01,New Brunswick,9.4
2009-09-01,New Brunswick,8.2
2009-10-01,New Brunswick,8.0
2009-11-01,New Brunswick,8.5
2009-12-01,New Brunswick,9.1
2010-01-01,New Brunswick,9.2
2010-02-01,New Brunswick,8.9
2010-03-01,New Brunswick,8.7
2010-04-01,New Brunswick,8.9
2010-05-01,New Brunswick,9.5
2010-06-01,New Brunswick,9.4
2010-07-01,New Brunswick,9.1
2010-08-01,New Brunswick,9.9
2010-09-01,New Brunswick,9.9
2010-10-01,New Brunswick,9.8
2010-11-01,New Brunswick,10.2
2010-12-01,New Brunswick,9.8
2011-01-01,New Brunswick,9.3
2011-02-01,New Brunswick,9.8
2011-03-01,New Brunswick,9.7
2011-04-01,New Brunswick,10.0
2011-05-01,New Brunswick,9.9
2011-06-01,New Brunswick,9.8
2011-07-01,New Brunswick,10.1
2011-08-01,New Brunswick,8.8
2011-09-01,New Brunswick,9.0
2011-10-01,New Brunswick,9.5
2011-11-01,New Brunswick,9.6
2011-12-01,New Brunswick,9.6
2012-01-01,New Brunswick,9.8
2012-02-01,New Brunswick,10.1
2012-03-01,New Brunswick,10.2
2012-04-01,New Brunswick,9.7
2012-05-01,New Brunswick,9.9
2012-06-01,New Brunswick,9.6
2012-07-01,New Brunswick,10.5
2012-08-01,New Brunswick,11.0
2012-09-01,New Brunswick,11.6
2012-10-01,New Brunswick,11.7
2012-11-01,New Brunswick,11.6
2012-12-01,New Brunswick,10.9
2013-01-01,New Brunswick,11.4
2013-02-01,New Brunswick,10.6
2013-03-01,New Brunswick,10.8
2013-04-01,New Brunswick,10.6
2013-05-01,New Brunswick,10.2
2013-06-01,New Brunswick,10.7
2013-07-01,New Brunswick,9.6
2013-08-01,New Brunswick,10.7
2013-09-01,New Brunswick,10.4
2013-10-01,New Brunswick,10.2
2013-11-01,New Brunswick,9.9
2013-12-01,New Brunswick,10.7
2014-01-01,New Brunswick,9.9
2014-02-01,New Brunswick,10.2
2014-03-01,New Brunswick,9.9
2014-04-01,New Brunswick,10.9
2014-05-01,New Brunswick,10.7
2014-06-01,New Brunswick,9.5
2014-07-01,New Brunswick,9.9
2014-08-01,New Brunswick,9.2
2014-09-01,New Brunswick,10.1
2014-10-01,New Brunswick,10.0
2014-11-01,New Brunswick,10.3
2014-12-01,New Brunswick,10.0
2015-01-01,New Brunswick,10.0
2015-02-01,New Brunswick,10.0
2015-03-01,New Brunswick,10.0
2015-04-01,New Brunswick,10.1
2015-05-01,New Brunswick,10.0
2015-06-01,New Brunswick,11.2
2015-07-01,New Brunswick,11.4
2015-08-01,New Brunswick,10.4
2015-09-01,New Brunswick,9.4
2015-10-01,New Brunswick,9.2
2015-11-01,New Brunswick,9.0
2015-12-01,New Brunswick,9.3
2016-01-01,New Brunswick,9.5
2016-02-01,New Brunswick,10.1
2016-03-01,New Brunswick,10.2
2016-04-01,New Brunswick,9.5
2016-05-01,New Brunswick,10.0
2016-06-01,New Brunswick,9.8
2016-07-01,New Brunswick,9.9
2016-08-01,New Brunswick,9.5
2016-09-01,New Brunswick,9.9
2016-10-01,New Brunswick,10.0
2016-11-01,New Brunswick,9.3
2016-12-01,New Brunswick,9.2
2017-01-01,New Brunswick,8.6
2017-02-01,New Brunswick,8.6
2017-03-01,New Brunswick,8.6
2017-04-01,New Brunswick,9.0
2017-05-01,New Brunswick,8.8
2017-06-01,New Brunswick,8.3
2017-07-01,New Brunswick,7.0
2017-08-01,New Brunswick,8.1
2017-09-01,New Brunswick,8.0
2017-10-01,New Brunswick,8.3
2017-11-01,New Brunswick,8.6
2017-12-01,New Brunswick,8.1
2018-01-01,New Brunswick,8.9
2018-02-01,New Brunswick,8.4
2018-03-01,New Brunswick,8.2
2018-04-01,New Brunswick,8.0
2018-05-01,New Brunswick,7.9
2018-06-01,New Brunswick,8.0
2018-07-01,New Brunswick,7.7
2018-08-01,New Brunswick,8.4
2018-09-01,New Brunswick,7.9
2018-10-01,New Brunswick,7.2
2018-11-01,New Brunswick,8.1
2018-12-01,New Brunswick,8.5
2019-01-01,New Brunswick,8.2
2019-02-01,New Brunswick,8.8
2019-03-01,New Brunswick,8.1
2019-04-01,New Brunswick,8.2
2019-05-01,New Brunswick,7.7
2019-06-01,New Brunswick,8.4
2019-07-01,New Brunswick,9.2
2019-08-01,New Brunswick,8.5
2019-09-01,New Brunswick,8.0
2019-10-01,New Brunswick,8.3
2019-11-01,New Brunswick,7.9
2019-12-01,New Brunswick,7.4
2020-01-01,New Brunswick,7.8
2020-02-01,New Brunswick,7.4
2020-03-01,New Brunswick,9.2
2020-04-01,New Brunswick,14.4
2020-05-01,New Brunswick,13.9
2020-06-01,New Brunswick,11.5
2020-07-01,New Brunswick,10.4
2020-08-01,New Brunswick,9.7
2020-09-01,New Brunswick,11.3
2020-10-01,New Brunswick,10.5
2020-11-01,New Brunswick,9.9
2020-12-01,New Brunswick,9.7
2021-01-01,New Brunswick,8.8
2021-02-01,New Brunswick,9.5
2021-03-01,New Brunswick,9.4
2021-04-01,New Brunswick,8.9
2021-05-01,New Brunswick,9.3
2021-06-01,New Brunswick,10.1
2021-07-01,New Brunswick,9.5
2021-08-01,New Brunswick,9.6
2021-09-01,New Brunswick,9.6
2021-10-01,New Brunswick,9.4
2021-11-01,New Brunswick,8.4
2021-12-01,New Brunswick,7.6
2022-01-01,New Brunswick,8.4
2022-02-01,New Brunswick,7.5
2022-03-01,New Brunswick,7.2
2022-04-01,New Brunswick,6.9
2022-05-01,New Brunswick,7.3
2022-06-01,New Brunswick,6.4
2022-07-01,New Brunswick,7.4
2022-08-01,New Brunswick,7.0
2022-09-01,New Brunswick,6.5
2022-10-01,New Brunswick,7.4
2022-11-01,New Brunswick,7.0
2022-12-01,New Brunswick,7.5
2023-01-01,New Brunswick,7.1
2023-02-01,New Brunswick,6.1
2023-03-01,New Brunswick,5.9
2023-04-01,New Brunswick,6.5
2023-05-01,New Brunswick,6.3
2023-06-01,New Brunswick,6.6
2023-07-01,New Brunswick,6.3
2023-08-01,New Brunswick,7.5
2023-09-01,New Brunswick,7.2
2023-10-01,New Brunswick,6.7
2023-11-01,New Brunswick,6.6
2023-12-01,New Brunswick,6.3
2024-01-01,New Brunswick,7.1
2024-02-01,New Brunswick,6.9
2024-03-01,New Brunswick,8.0
2024-04-01,New Brunswick,7.1
2024-05-01,New Brunswick,7.4
2024-06-01,New Brunswick,7.5
2024-07-01,New Brunswick,7.1
2024-08-01,New Brunswick,6.3
2024-09-01,New Brunswick,6.4
2024-10-01,New Brunswick,6.7
2024-11-01,New Brunswick,7.2
2024-12-01,New Brunswick,7.6
2025-01-01,New Brunswick,6.4
2025-02-01,New Brunswick,7.4
2025-03-01,New Brunswick,6.9
2025-04-01,New Brunswick,6.9
2025-05-01,New Brunswick,6.3
2025-06-01,New Brunswick,7.4
2025-07-01,New Brunswick,7.5
2025-08-01,New Brunswick,7.7
2025-09-01,New Brunswick,7.9
2025-10-01,New Brunswick,7.7
2025-11-01,New Brunswick,6.6
2025-12-01,New Brunswick,6.5
2026-01-01,New Brunswick,6.7
2026-02-01,New Brunswick,7.0
1976-01-01,Newfoundland and Labrador,12.3
1976-02-01,Newfoundland and Labrador,12.7
1976-03-01,Newfoundland and Labrador,12.3
1976-04-01,Newfoundland and Labrador,13.4
1976-05-01,Newfoundland and Labrador,13.3
1976-06-01,Newfoundland and Labrador,12.9
1976-07-01,Newfoundland and Labrador,14.5
1976-08-01,Newfoundland and Labrador,14.0
1976-09-01,Newfoundland and Labrador,13.5
1976-10-01,Newfoundland and Labrador,13.9
1976-11-01,Newfoundland and Labrador,14.3
1976-12-01,Newfoundland and Labrador,13.5
1977-01-01,Newfoundland and Labrador,14.2
1977-02-01,Newfoundland and Labrador,14.2
1977-03-01,Newfoundland and Labrador,14.5
1977-04-01,Newfoundland and Labrador,15.6
1977-05-01,Newfoundland and Labrador,14.3
1977-06-01,Newfoundland and Labrador,15.5
1977-07-01,Newfoundland and Labrador,15.6
1977-08-01,Newfoundland and Labrador,15.7
1977-09-01,Newfoundland and Labrador,16.5
1977-10-01,Newfoundland and Labrador,16.8
1977-11-01,Newfoundland and Labrador,16.6
1977-12-01,Newfoundland and Labrador,16.6
1978-01-01,Newfoundland and Labrador,15.1
1978-02-01,Newfoundland and Labrador,15.4
1978-03-01,Newfoundland and Labrador,15.9
1978-04-01,Newfoundland and Labrador,16.6
1978-05-01,Newfoundland and Labrador,16.6
1978-06-01,Newfoundland and Labrador,16.0
1978-07-01,Newfoundland and Labrador,16.4
1978-08-01,Newfoundland and Labrador,16.2
1978-09-01,Newfoundland and Labrador,16.0
1978-10-01,Newfoundland and Labrador,15.7
1978-11-01,Newfoundland and Labrador,15.1
1978-12-01,Newfoundland and Labrador,16.3
1979-01-01,Newfoundland and Labrador,16.9
1979-02-01,Newfoundland and Labrador,16.5
1979-03-01,Newfoundland and Labrador,16.5
1979-04-01,Newfoundland and Labrador,15.9
1979-05-01,Newfoundland and Labrador,15.7
1979-06-01,Newfoundland and Labrador,14.4
1979-07-01,Newfoundland and Labrador,13.8
1979-08-01,Newfoundland and Labrador,13.0
1979-09-01,Newfoundland and Labrador,12.7
1979-10-01,Newfoundland and Labrador,13.2
1979-11-01,Newfoundland and Labrador,14.1
1979-12-01,Newfoundland and Labrador,14.3
1980-01-01,Newfoundland and Labrador,14.4
1980-02-01,Newfoundland and Labrador,14.0
1980-03-01,Newfoundland and Labrador,13.7
1980-04-01,Newfoundland and Labrador,13.6
1980-05-01,Newfoundland and Labrador,13.8
1980-06-01,Newfoundland and Labrador,14.0
1980-07-01,Newfoundland and Labrador,13.4
1980-08-01,Newfoundland and Labrador,13.5
1980-09-01,Newfoundland and Labrador,12.6
1980-10-01,Newfoundland and Labrador,11.9
1980-11-01,Newfoundland and Labrador,11.8
1980-12-01,Newfoundland and Labrador,13.2
1981-01-01,Newfoundland and Labrador,13.2
1981-02-01,Newfoundland and Labrador,12.7
1981-03-01,Newfoundland and Labrador,12.7
1981-04-01,Newfoundland and Labrador,12.5
1981-05-01,Newfoundland and Labrador,11.3
1981-06-01,Newfoundland and Labrador,13.0
1981-07-01,Newfoundland and Labrador,13.3
1981-08-01,Newfoundland and Labrador,13.4
1981-09-01,Newfoundland and Labrador,16.7
1981-10-01,Newfoundland and Labrador,15.7
1981-11-01,Newfoundland and Labrador,13.9
1981-12-01,Newfoundland and Labrador,13.6
1982-01-01,Newfoundland and Labrador,13.8
1982-02-01,Newfoundland and Labrador,14.2
1982-03-01,Newfoundland and Labrador,13.7
1982-04-01,Newfoundland and Labrador,14.8
1982-05-01,Newfoundland and Labrador,15.8
1982-06-01,Newfoundland and Labrador,16.0
1982-07-01,Newfoundland and Labrador,16.2
1982-08-01,Newfoundland and Labrador,17.1
1982-09-01,Newfoundland and Labrador,18.1
1982-10-01,Newfoundland and Labrador,18.8
1982-11-01,Newfoundland and Labrador,18.4
1982-12-01,Newfoundland and Labrador,18.5
1983-01-01,Newfoundland and Labrador,17.1
1983-02-01,Newfoundland and Labrador,18.0
1983-03-01,Newfoundland and Labrador,18.0
1983-04-01,Newfoundland and Labrador,18.2
1983-05-01,Newfoundland and Labrador,17.3
1983-06-01,Newfoundland and Labrador,18.3
1983-07-01,Newfoundland and Labrador,18.1
1983-08-01,Newfoundland and Labrador,17.7
1983-09-01,Newfoundland and Labrador,17.8
1983-10-01,Newfoundland and Labrador,18.1
1983-11-01,Newfoundland and Labrador,18.9
1983-12-01,Newfoundland and Labrador,19.4
1984-01-01,Newfoundland and Labrador,19.8
1984-02-01,Newfoundland and Labrador,20.2
1984-03-01,Newfoundland and Labrador,19.7
1984-04-01,Newfoundland and Labrador,19.3
1984-05-01,Newfoundland and Labrador,20.2
1984-06-01,Newfoundland and Labrador,17.9
1984-07-01,Newfoundland and Labrador,19.1
1984-08-01,Newfoundland and Labrador,19.9
1984-09-01,Newfoundland and Labrador,22.7
1984-10-01,Newfoundland and Labrador,21.0
1984-11-01,Newfoundland and Labrador,21.3
1984-12-01,Newfoundland and Labrador,21.2
1985-01-01,Newfoundland and Labrador,20.7
1985-02-01,Newfoundland and Labrador,20.1
1985-03-01,Newfoundland and Labrador,19.5
1985-04-01,Newfoundland and Labrador,21.6
1985-05-01,Newfoundland and Labrador,21.5
1985-06-01,Newfoundland and Labrador,21.6
1985-07-01,Newfoundland and Labrador,19.9
1985-08-01,Newfoundland and Labrador,19.6
1985-09-01,Newfoundland and Labrador,19.1
1985-10-01,Newfoundland and Labrador,19.2
1985-11-01,Newfoundland and Labrador,19.4
1985-12-01,Newfoundland and Labrador,19.7
1986-01-01,Newfoundland and Labrador,19.0
1986-02-01,Newfoundland and Labrador,18.8
1986-03-01,Newfoundland and Labrador,19.2
1986-04-01,Newfoundland and Labrador,18.2
1986-05-01,Newfoundland and Labrador,17.3
1986-06-01,Newfoundland and Labrador,19.0
1986-07-01,Newfoundland and Labrador,20.6
1986-08-01,Newfoundland and Labrador,19.6
1986-09-01,Newfoundland and Labrador,19.0
1986-10-01,Newfoundland and Labrador,19.2
1986-11-01,Newfoundland and Labrador,19.0
1986-12-01,Newfoundland and Labrador,18.2
1987-01-01,Newfoundland and Labrador,18.8
1987-02-01,Newfoundland and Labrador,18.4
1987-03-01,Newfoundland and Labrador,19.2
1987-04-01,Newfoundland and Labrador,19.5
1987-05-01,Newfoundland and Labrador,19.7
1987-06-01,Newfoundland and Labrador,17.5
1987-07-01,Newfoundland and Labrador,16.2
1987-08-01,Newfoundland and Labrador,16.7
1987-09-01,Newfoundland and Labrador,16.5
1987-10-01,Newfoundland and Labrador,16.7
1987-11-01,Newfoundland and Labrador,16.6
1987-12-01,Newfoundland and Labrador,17.9
1988-01-01,Newfoundland and Labrador,17.4
1988-02-01,Newfoundland and Labrador,17.5
1988-03-01,Newfoundland and Labrador,17.2
1988-04-01,Newfoundland and Labrador,16.9
1988-05-01,Newfoundland and Labrador,16.6
1988-06-01,Newfoundland and Labrador,15.7
1988-07-01,Newfoundland and Labrador,16.1
1988-08-01,Newfoundland and Labrador,16.5
1988-09-01,Newfoundland and Labrador,16.0
1988-10-01,Newfoundland and Labrador,15.3
1988-11-01,Newfoundland and Labrador,14.7
1988-12-01,Newfoundland and Labrador,13.6
1989-01-01,Newfoundland and Labrador,15.2
1989-02-01,Newfoundland and Labrador,15.0
1989-03-01,Newfoundland and Labrador,15.2
1989-04-01,Newfoundland and Labrador,14.5
1989-05-01,Newfoundland and Labrador,14.4
1989-06-01,Newfoundland and Labrador,14.5
1989-07-01,Newfoundland and Labrador,14.5
1989-08-01,Newfoundland and Labrador,15.2
1989-09-01,Newfoundland and Labrador,16.5
1989-10-01,Newfoundland and Labrador,16.2
1989-11-01,Newfoundland and Labrador,16.4
1989-12-01,Newfoundland and Labrador,16.6
1990-01-01,Newfoundland and Labrador,16.9
1990-02-01,Newfoundland and Labrador,16.7
1990-03-01,Newfoundland and Labrador,15.4
1990-04-01,Newfoundland and Labrador,16.7
1990-05-01,Newfoundland and Labrador,17.1
1990-06-01,Newfoundland and Labrador,17.3
1990-07-01,Newfoundland and Labrador,17.6
1990-08-01,Newfoundland and Labrador,16.8
1990-09-01,Newfoundland and Labrador,16.7
1990-10-01,Newfoundland and Labrador,16.4
1990-11-01,Newfoundland and Labrador,18.0
1990-12-01,Newfoundland and Labrador,17.6
1991-01-01,Newfoundland and Labrador,17.9
1991-02-01,Newfoundland and Labrador,18.2
1991-03-01,Newfoundland and Labrador,18.7
1991-04-01,Newfoundland and Labrador,19.2
1991-05-01,Newfoundland and Labrador,18.9
1991-06-01,Newfoundland and Labrador,18.7
1991-07-01,Newfoundland and Labrador,17.6
1991-08-01,Newfoundland and Labrador,18.5
1991-09-01,Newfoundland and Labrador,18.3
1991-10-01,Newfoundland and Labrador,17.4
1991-11-01,Newfoundland and Labrador,16.0
1991-12-01,Newfoundland and Labrador,16.2
1992-01-01,Newfoundland and Labrador,18.0
1992-02-01,Newfoundland and Labrador,18.7
1992-03-01,Newfoundland and Labrador,19.9
1992-04-01,Newfoundland and Labrador,19.0
1992-05-01,Newfoundland and Labrador,19.6
1992-06-01,Newfoundland and Labrador,20.2
1992-07-01,Newfoundland and Labrador,20.4
1992-08-01,Newfoundland and Labrador,20.5
1992-09-01,Newfoundland and Labrador,20.5
1992-10-01,Newfoundland and Labrador,21.1
1992-11-01,Newfoundland and Labrador,22.1
1992-12-01,Newfoundland and Labrador,20.9
1993-01-01,Newfoundland and Labrador,20.1
1993-02-01,Newfoundland and Labrador,20.3
1993-03-01,Newfoundland and Labrador,20.4
1993-04-01,Newfoundland and Labrador,20.3
1993-05-01,Newfoundland and Labrador,19.6
1993-06-01,Newfoundland and Labrador,19.6
1993-07-01,Newfoundland and Labrador,19.9
1993-08-01,Newfoundland and Labrador,20.0
1993-09-01,Newfoundland and Labrador,19.7
1993-10-01,Newfoundland and Labrador,20.1
1993-11-01,Newfoundland and Labrador,20.1
1993-12-01,Newfoundland and Labrador,20.5
1994-01-01,Newfoundland and Labrador,20.4
1994-02-01,Newfoundland and Labrador,18.7
1994-03-01,Newfoundland and Labrador,18.8
1994-04-01,Newfoundland and Labrador,20.0
1994-05-01,Newfoundland and Labrador,20.6
1994-06-01,Newfoundland and Labrador,19.9
1994-07-01,Newfoundland and Labrador,20.2
1994-08-01,Newfoundland and Labrador,20.2
1994-09-01,Newfoundland and Labrador,20.2
1994-10-01,Newfoundland and Labrador,20.1
1994-11-01,Newfoundland and Labrador,20.7
1994-12-01,Newfoundland and Labrador,19.6
1995-01-01,Newfoundland and Labrador,18.0
1995-02-01,Newfoundland and Labrador,17.5
1995-03-01,Newfoundland and Labrador,18.0
1995-04-01,Newfoundland and Labrador,17.5
1995-05-01,Newfoundland and Labrador,18.4
1995-06-01,Newfoundland and Labrador,17.9
1995-07-01,Newfoundland and Labrador,19.1
1995-08-01,Newfoundland and Labrador,19.0
1995-09-01,Newfoundland and Labrador,18.3
1995-10-01,Newfoundland and Labrador,17.5
1995-11-01,Newfoundland and Labrador,17.0
1995-12-01,Newfoundland and Labrador,16.6
1996-01-01,Newfoundland and Labrador,18.2
1996-02-01,Newfoundland and Labrador,19.1
1996-03-01,Newfoundland and Labrador,18.6
1996-04-01,Newfoundland and Labrador,18.3
1996-05-01,Newfoundland and Labrador,18.0
1996-06-01,Newfoundland and Labrador,19.5
1996-07-01,Newfoundland and Labrador,18.9
1996-08-01,Newfoundland and Labrador,18.2
1996-09-01,Newfoundland and Labrador,19.6
1996-10-01,Newfoundland and Labrador,20.1
1996-11-01,Newfoundland and Labrador,19.4
1996-12-01,Newfoundland and Labrador,20.1
1997-01-01,Newfoundland and Labrador,19.7
1997-02-01,Newfoundland and Labrador,18.9
1997-03-01,Newfoundland and Labrador,18.7
1997-04-01,Newfoundland and Labrador,18.4
1997-05-01,Newfoundland and Labrador,19.7
1997-06-01,Newfoundland and Labrador,19.0
1997-07-01,Newfoundland and Labrador,18.0
1997-08-01,Newfoundland and Labrador,17.5
1997-09-01,Newfoundland and Labrador,17.1
1997-10-01,Newfoundland and Labrador,17.3
1997-11-01,Newfoundland and Labrador,17.3
1997-12-01,Newfoundland and Labrador,16.8
1998-01-01,Newfoundland and Labrador,17.2
1998-02-01,Newfoundland and Labrador,17.7
1998-03-01,Newfoundland and Labrador,16.4
1998-04-01,Newfoundland and Labrador,17.0
1998-05-01,Newfoundland and Labrador,17.2
1998-06-01,Newfoundland and Labrador,17.4
1998-07-01,Newfoundland and Labrador,17.6
1998-08-01,Newfoundland and Labrador,19.7
1998-09-01,Newfoundland and Labrador,18.9
1998-10-01,Newfoundland and Labrador,18.0
1998-11-01,Newfoundland and Labrador,17.3
1998-12-01,Newfoundland and Labrador,17.9
1999-01-01,Newfoundland and Labrador,17.1
1999-02-01,Newfoundland and Labrador,15.1
1999-03-01,Newfoundland and Labrador,17.1
1999-04-01,Newfoundland and Labrador,18.1
1999-05-01,Newfoundland and Labrador,17.6
1999-06-01,Newfoundland and Labrador,17.6
1999-07-01,Newfoundland and Labrador,17.3
1999-08-01,Newfoundland and Labrador,16.9
1999-09-01,Newfoundland and Labrador,17.0
1999-10-01,Newfoundland and Labrador,16.5
1999-11-01,Newfoundland and Labrador,15.7
1999-12-01,Newfoundland and Labrador,13.9
2000-01-01,Newfoundland and Labrador,16.8
2000-02-01,Newfoundland and Labrador,17.2
2000-03-01,Newfoundland and Labrador,17.4
2000-04-01,Newfoundland and Labrador,15.9
2000-05-01,Newfoundland and Labrador,15.9
2000-06-01,Newfoundland and Labrador,16.0
2000-07-01,Newfoundland and Labrador,16.3
2000-08-01,Newfoundland and Labrador,16.0
2000-09-01,Newfoundland and Labrador,16.7
2000-10-01,Newfoundland and Labrador,16.4
2000-11-01,Newfoundland and Labrador,17.1
2000-12-01,Newfoundland and Labrador,17.1
2001-01-01,Newfoundland and Labrador,15.0
2001-02-01,Newfoundland and Labrador,15.8
2001-03-01,Newfoundland and Labrador,16.1
2001-04-01,Newfoundland and Labrador,17.7
2001-05-01,Newfoundland and Labrador,15.5
2001-06-01,Newfoundland and Labrador,16.0
2001-07-01,Newfoundland and Labrador,16.2
2001-08-01,Newfoundland and Labrador,16.6
2001-09-01,Newfoundland and Labrador,15.7
2001-10-01,Newfoundland and Labrador,16.1
2001-11-01,Newfoundland and Labrador,15.4
2001-12-01,Newfoundland and Labrador,16.0
2002-01-01,Newfoundland and Labrador,16.4
2002-02-01,Newfoundland and Labrador,17.2
2002-03-01,Newfoundland and Labrador,16.5
2002-04-01,Newfoundland and Labrador,15.0
2002-05-01,Newfoundland and Labrador,17.3
2002-06-01,Newfoundland and Labrador,16.6
2002-07-01,Newfoundland and Labrador,15.8
2002-08-01,Newfoundland and Labrador,16.4
2002-09-01,Newfoundland and Labrador,17.0
2002-10-01,Newfoundland and Labrador,17.6
2002-11-01,Newfoundland and Labrador,17.4
2002-12-01,Newfoundland and Labrador,17.5
2003-01-01,Newfoundland and Labrador,17.6
2003-02-01,Newfoundland and Labrador,17.1
2003-03-01,Newfoundland and Labrador,16.7
2003-04-01,Newfoundland and Labrador,16.4
2003-05-01,Newfoundland and Labrador,15.8
2003-06-01,Newfoundland and Labrador,15.5
2003-07-01,Newfoundland and Labrador,16.6
2003-08-01,Newfoundland and Labrador,15.8
2003-09-01,Newfoundland and Labrador,16.6
2003-10-01,Newfoundland and Labrador,16.3
2003-11-01,Newfoundland and Labrador,17.2
2003-12-01,Newfoundland and Labrador,17.5
2004-01-01,Newfoundland and Labrador,16.0
2004-02-01,Newfoundland and Labrador,15.4
2004-03-01,Newfoundland and Labrador,15.5
2004-04-01,Newfoundland and Labrador,15.6
2004-05-01,Newfoundland and Labrador,15.7
2004-06-01,Newfoundland and Labrador,16.3
2004-07-01,Newfoundland and Labrador,15.0
2004-08-01,Newfoundland and Labrador,15.0
2004-09-01,Newfoundland and Labrador,15.7
2004-10-01,Newfoundland and Labrador,15.3
2004-11-01,Newfoundland and Labrador,15.9
2004-12-01,Newfoundland and Labrador,14.5
2005-01-01,Newfoundland and Labrador,14.2
2005-02-01,Newfoundland and Labrador,15.4
2005-03-01,Newfoundland and Labrador,14.7
2005-04-01,Newfoundland and Labrador,15.6
2005-05-01,Newfoundland and Labrador,15.8
2005-06-01,Newfoundland and Labrador,14.3
2005-07-01,Newfoundland and Labrador,14.6
2005-08-01,Newfoundland and Labrador,15.9
2005-09-01,Newfoundland and Labrador,15.2
2005-10-01,Newfoundland and Labrador,15.3
2005-11-01,Newfoundland and Labrador,14.9
2005-12-01,Newfoundland and Labrador,15.8
2006-01-01,Newfoundland and Labrador,16.0
2006-02-01,Newfoundland and Labrador,15.0
2006-03-01,Newfoundland and Labrador,15.6
2006-04-01,Newfoundland and Labrador,15.6
2006-05-01,Newfoundland and Labrador,15.3
2006-06-01,Newfoundland and Labrador,14.9
2006-07-01,Newfoundland and Labrador,15.2
2006-08-01,Newfoundland and Labrador,15.9
2006-09-01,Newfoundland and Labrador,14.2
2006-10-01,Newfoundland and Labrador,14.1
2006-11-01,Newfoundland and Labrador,13.5
2006-12-01,Newfoundland and Labrador,14.3
2007-01-01,Newfoundland and Labrador,15.4
2007-02-01,Newfoundland and Labrador,14.3
2007-03-01,Newfoundland and Labrador,14.7
2007-04-01,Newfoundland and Labrador,13.5
2007-05-01,Newfoundland and Labrador,13.4
2007-06-01,Newfoundland and Labrador,13.6
2007-07-01,Newfoundland and Labrador,13.4
2007-08-01,Newfoundland and Labrador,13.2
2007-09-01,Newfoundland and Labrador,13.1
2007-10-01,Newfoundland and Labrador,13.7
2007-11-01,Newfoundland and Labrador,12.7
2007-12-01,Newfoundland and Labrador,12.9
2008-01-01,Newfoundland and Labrador,12.5
2008-02-01,Newfoundland and Labrador,13.6
2008-03-01,Newfoundland and Labrador,13.1
2008-04-01,Newfoundland and Labrador,13.7
2008-05-01,Newfoundland and Labrador,13.0
2008-06-01,Newfoundland and Labrador,13.2
2008-07-01,Newfoundland and Labrador,12.5
2008-08-01,Newfoundland and Labrador,13.4
2008-09-01,Newfoundland and Labrador,14.1
2008-10-01,Newfoundland and Labrador,14.1
2008-11-01,Newfoundland and Labrador,14.2
2008-12-01,Newfoundland and Labrador,14.0
2009-01-01,Newfoundland and Labrador,14.7
2009-02-01,Newfoundland and Labrador,15.7
2009-03-01,Newfoundland and Labrador,14.6
2009-04-01,Newfoundland and Labrador,15.2
2009-05-01,Newfoundland and Labrador,15.7
2009-06-01,Newfoundland and Labrador,16.0
2009-07-01,Newfoundland and Labrador,18.1
2009-08-01,Newfoundland and Labrador,16.3
2009-09-01,Newfoundland and Labrador,16.1
2009-10-01,Newfoundland and Labrador,16.7
2009-11-01,Newfoundland and Labrador,15.6
2009-12-01,Newfoundland and Labrador,15.7
2010-01-01,Newfoundland and Labrador,15.3
2010-02-01,Newfoundland and Labrador,15.0
2010-03-01,Newfoundland and Labrador,16.0
2010-04-01,Newfoundland and Labrador,15.7
2010-05-01,Newfoundland and Labrador,14.8
2010-06-01,Newfoundland and Labrador,14.9
2010-07-01,Newfoundland and Labrador,15.4
2010-08-01,Newfoundland and Labrador,14.0
2010-09-01,Newfoundland and Labrador,14.0
2010-10-01,Newfoundland and Labrador,13.6
2010-11-01,Newfoundland and Labrador,14.0
2010-12-01,Newfoundland and Labrador,14.3
2011-01-01,Newfoundland and Labrador,12.5
2011-02-01,Newfoundland and Labrador,12.4
2011-03-01,Newfoundland and Labrador,12.4
2011-04-01,Newfoundland and Labrador,11.7
2011-05-01,Newfoundland and Labrador,12.8
2011-06-01,Newfoundland and Labrador,13.1
2011-07-01,Newfoundland and Labrador,12.7
2011-08-01,Newfoundland and Labrador,13.7
2011-09-01,Newfoundland and Labrador,13.9
2011-10-01,Newfoundland and Labrador,14.0
2011-11-01,Newfoundland and Labrador,13.5
2011-12-01,Newfoundland and Labrador,13.3
2012-01-01,Newfoundland and Labrador,13.8
2012-02-01,Newfoundland and Labrador,13.2
2012-03-01,Newfoundland and Labrador,12.8
2012-04-01,Newfoundland and Labrador,12.5
2012-05-01,Newfoundland and Labrador,12.6
2012-06-01,Newfoundland and Labrador,13.3
2012-07-01,Newfoundland and Labrador,13.0
2012-08-01,Newfoundland and Labrador,13.4
2012-09-01,Newfoundland and Labrador,12.2
2012-10-01,Newfoundland and Labrador,11.5
2012-11-01,Newfoundland and Labrador,12.3
2012-12-01,Newfoundland and Labrador,11.7
2013-01-01,Newfoundland and Labrador,12.1
2013-02-01,Newfoundland and Labrador,12.0
2013-03-01,Newfoundland and Labrador,12.5
2013-04-01,Newfoundland and Labrador,13.0
2013-05-01,Newfoundland and Labrador,12.1
2013-06-01,Newfoundland and Labrador,11.6
2013-07-01,Newfoundland and Labrador,12.0
2013-08-01,Newfoundland and Labrador,11.2
2013-09-01,Newfoundland and Labrador,11.2
2013-10-01,Newfoundland and Labrador,11.7
2013-11-01,Newfoundland and Labrador,12.6
2013-12-01,Newfoundland and Labrador,11.6
2014-01-01,Newfoundland and Labrador,12.2
2014-02-01,Newfoundland and Labrador,12.3
2014-03-01,Newfoundland and Labrador,11.8
2014-04-01,Newfoundland and Labrador,12.1
2014-05-01,Newfoundland and Labrador,13.2
2014-06-01,Newfoundland and Labrador,12.8
2014-07-01,Newfoundland and Labrador,13.1
2014-08-01,Newfoundland and Labrador,13.7
2014-09-01,Newfoundland and Labrador,12.8
2014-10-01,Newfoundland and Labrador,12.9
2014-11-01,Newfoundland and Labrador,11.8
2014-12-01,Newfoundland and Labrador,12.1
2015-01-01,Newfoundland and Labrador,11.8
2015-02-01,Newfoundland and Labrador,12.3
2015-03-01,Newfoundland and Labrador,13.4
2015-04-01,Newfoundland and Labrador,13.5
2015-05-01,Newfoundland and Labrador,14.5
2015-06-01,Newfoundland and Labrador,12.5
2015-07-01,Newfoundland and Labrador,12.1
2015-08-01,Newfoundland and Labrador,12.3
2015-09-01,Newfoundland and Labrador,13.9
2015-10-01,Newfoundland and Labrador,13.1
2015-11-01,Newfoundland and Labrador,13.5
2015-12-01,Newfoundland and Labrador,14.0
2016-01-01,Newfoundland and Labrador,14.5
2016-02-01,Newfoundland and Labrador,14.1
2016-03-01,Newfoundland and Labrador,13.2
2016-04-01,Newfoundland and Labrador,12.8
2016-05-01,Newfoundland and Labrador,12.2
2016-06-01,Newfoundland and Labrador,11.9
2016-07-01,Newfoundland and Labrador,12.9
2016-08-01,Newfoundland and Labrador,12.8
2016-09-01,Newfoundland and Labrador,13.6
2016-10-01,Newfoundland and Labrador,14.8
2016-11-01,Newfoundland and Labrador,14.9
2016-12-01,Newfoundland and Labrador,14.8
2017-01-01,Newfoundland and Labrador,14.5
2017-02-01,Newfoundland and Labrador,14.7
2017-03-01,Newfoundland and Labrador,15.5
2017-04-01,Newfoundland and Labrador,14.8
2017-05-01,Newfoundland and Labrador,15.2
2017-06-01,Newfoundland and Labrador,15.4
2017-07-01,Newfoundland and Labrador,15.3
2017-08-01,Newfoundland and Labrador,15.0
2017-09-01,Newfoundland and Labrador,15.0
2017-10-01,Newfoundland and Labrador,15.0
2017-11-01,Newfoundland and Labrador,15.1
2017-12-01,Newfoundland and Labrador,15.1
2018-01-01,Newfoundland and Labrador,15.1
2018-02-01,Newfoundland and Labrador,15.0
2018-03-01,Newfoundland and Labrador,14.8
2018-04-01,Newfoundland and Labrador,14.9
2018-05-01,Newfoundland and Labrador,14.5
2018-06-01,Newfoundland and Labrador,14.7
2018-07-01,Newfoundland and Labrador,15.0
2018-08-01,Newfoundland and Labrador,14.2
2018-09-01,Newfoundland and Labrador,12.7
2018-10-01,Newfoundland and Labrador,11.8
2018-11-01,Newfoundland and Labrador,12.3
2018-12-01,Newfoundland and Labrador,12.1
2019-01-01,Newfoundland and Labrador,11.7
2019-02-01,Newfoundland and Labrador,12.1
2019-03-01,Newfoundland and Labrador,12.3
2019-04-01,Newfoundland and Labrador,11.9
2019-05-01,Newfoundland and Labrador,12.4
2019-06-01,Newfoundland and Labrador,12.8
2019-07-01,Newfoundland and Labrador,12.7
2019-08-01,Newfoundland and Labrador,13.1
2019-09-01,Newfoundland and Labrador,11.4
2019-10-01,Newfoundland and Labrador,12.0
2019-11-01,Newfoundland and Labrador,12.3
2019-12-01,Newfoundland and Labrador,12.5
2020-01-01,Newfoundland and Labrador,11.9
2020-02-01,Newfoundland and Labrador,12.6
2020-03-01,Newfoundland and Labrador,11.6
2020-04-01,Newfoundland and Labrador,15.6
2020-05-01,Newfoundland and Labrador,17.8
2020-06-01,Newfoundland and Labrador,17.7
2020-07-01,Newfoundland and Labrador,17.3
2020-08-01,Newfoundland and Labrador,14.3
2020-09-01,Newfoundland and Labrador,15.0
2020-10-01,Newfoundland and Labrador,13.5
2020-11-01,Newfoundland and Labrador,13.3
2020-12-01,Newfoundland and Labrador,13.4
2021-01-01,Newfoundland and Labrador,12.2
2021-02-01,Newfoundland and Labrador,14.9
2021-03-01,Newfoundland and Labrador,12.9
2021-04-01,Newfoundland and Labrador,12.9
2021-05-01,Newfoundland and Labrador,13.1
2021-06-01,Newfoundland and Labrador,13.0
2021-07-01,Newfoundland and Labrador,13.2
2021-08-01,Newfoundland and Labrador,13.2
2021-09-01,Newfoundland and Labrador,14.0
2021-10-01,Newfoundland and Labrador,13.6
2021-11-01,Newfoundland and Labrador,11.0
2021-12-01,Newfoundland and Labrador,12.1
2022-01-01,Newfoundland and Labrador,13.6
2022-02-01,Newfoundland and Labrador,12.7
2022-03-01,Newfoundland and Labrador,13.3
2022-04-01,Newfoundland and Labrador,11.4
2022-05-01,Newfoundland and Labrador,10.2
2022-06-01,Newfoundland and Labrador,10.4
2022-07-01,Newfoundland and Labrador,10.8
2022-08-01,Newfoundland and Labrador,10.8
2022-09-01,Newfoundland and Labrador,10.0
2022-10-01,Newfoundland and Labrador,10.6
2022-11-01,Newfoundland and Labrador,10.3
2022-12-01,Newfoundland and Labrador,9.6
2023-01-01,Newfoundland and Labrador,10.9
2023-02-01,Newfoundland and Labrador,10.0
2023-03-01,Newfoundland and Labrador,10.4
2023-04-01,Newfoundland and Labrador,9.8
2023-05-01,Newfoundland and Labrador,10.2
2023-06-01,Newfoundland and Labrador,9.2
2023-07-01,Newfoundland and Labrador,9.1
2023-08-01,Newfoundland and Labrador,8.6
2023-09-01,Newfoundland and Labrador,9.4
2023-10-01,Newfoundland and Labrador,9.9
2023-11-01,Newfoundland and Labrador,9.8
2023-12-01,Newfoundland and Labrador,10.3
2024-01-01,Newfoundland and Labrador,10.0
2024-02-01,Newfoundland and Labrador,10.0
2024-03-01,Newfoundland and Labrador,10.1
2024-04-01,Newfoundland and Labrador,9.6
2024-05-01,Newfoundland and Labrador,9.8
2024-06-01,Newfoundland and Labrador,9.5
2024-07-01,Newfoundland and Labrador,9.7
2024-08-01,Newfoundland and Labrador,10.3
2024-09-01,Newfoundland and Labrador,10.2
2024-10-01,Newfoundland and Labrador,10.4
2024-11-01,Newfoundland and Labrador,10.7
2024-12-01,Newfoundland and Labrador,10.3
2025-01-01,Newfoundland and Labrador,10.4
2025-02-01,Newfoundland and Labrador,10.5
2025-03-01,Newfoundland and Labrador,10.1
2025-04-01,Newfoundland and Labrador,9.7
2025-05-01,Newfoundland and Labrador,9.7
2025-06-01,Newfoundland and Labrador,9.6
2025-07-01,Newfoundland and Labrador,10.6
2025-08-01,Newfoundland and Labrador,10.7
2025-09-01,Newfoundland and Labrador,10.5
2025-10-01,Newfoundland and Labrador,10.2
2025-11-01,Newfoundland and Labrador,10.4
2025-12-01,Newfoundland and Labrador,10.5
2026-01-01,Newfoundland and Labrador,9.2
2026-02-01,Newfoundland and Labrador,9.2
1976-01-01,Nova Scotia,7.9
1976-02-01,Nova Scotia,7.9
1976-03-01,Nova Scotia,7.6
1976-04-01,Nova Scotia,8.2
1976-05-01,Nova Scotia,8.6
1976-06-01,Nova Scotia,9.6
1976-07-01,Nova Scotia,9.8
1976-08-01,Nova Scotia,10.1
1976-09-01,Nova Scotia,9.7
1976-10-01,Nova Scotia,10.2
1976-11-01,Nova Scotia,10.5
1976-12-01,Nova Scotia,10.1
1977-01-01,Nova Scotia,9.5
1977-02-01,Nova Scotia,11.0
1977-03-01,Nova Scotia,10.6
1977-04-01,Nova Scotia,10.5
1977-05-01,Nova Scotia,10.6
1977-06-01,Nova Scotia,10.6
1977-07-01,Nova Scotia,10.3
1977-08-01,Nova Scotia,10.4
1977-09-01,Nova Scotia,10.7
1977-10-01,Nova Scotia,10.3
1977-11-01,Nova Scotia,10.2
1977-12-01,Nova Scotia,9.9
1978-01-01,Nova Scotia,9.9
1978-02-01,Nova Scotia,10.1
1978-03-01,Nova Scotia,10.9
1978-04-01,Nova Scotia,11.1
1978-05-01,Nova Scotia,11.3
1978-06-01,Nova Scotia,11.0
1978-07-01,Nova Scotia,11.0
1978-08-01,Nova Scotia,10.5
1978-09-01,Nova Scotia,10.3
1978-10-01,Nova Scotia,10.3
1978-11-01,Nova Scotia,10.0
1978-12-01,Nova Scotia,10.2
1979-01-01,Nova Scotia,11.2
1979-02-01,Nova Scotia,9.9
1979-03-01,Nova Scotia,10.3
1979-04-01,Nova Scotia,10.7
1979-05-01,Nova Scotia,9.3
1979-06-01,Nova Scotia,8.8
1979-07-01,Nova Scotia,9.6
1979-08-01,Nova Scotia,10.0
1979-09-01,Nova Scotia,9.9
1979-10-01,Nova Scotia,9.9
1979-11-01,Nova Scotia,9.7
1979-12-01,Nova Scotia,10.3
1980-01-01,Nova Scotia,10.3
1980-02-01,Nova Scotia,9.9
1980-03-01,Nova Scotia,9.3
1980-04-01,Nova Scotia,9.4
1980-05-01,Nova Scotia,9.6
1980-06-01,Nova Scotia,9.6
1980-07-01,Nova Scotia,9.6
1980-08-01,Nova Scotia,10.0
1980-09-01,Nova Scotia,9.2
1980-10-01,Nova Scotia,9.2
1980-11-01,Nova Scotia,9.9
1980-12-01,Nova Scotia,9.6
1981-01-01,Nova Scotia,9.6
1981-02-01,Nova Scotia,10.1
1981-03-01,Nova Scotia,10.1
1981-04-01,Nova Scotia,8.6
1981-05-01,Nova Scotia,9.6
1981-06-01,Nova Scotia,10.0
1981-07-01,Nova Scotia,9.5
1981-08-01,Nova Scotia,9.4
1981-09-01,Nova Scotia,10.8
1981-10-01,Nova Scotia,10.7
1981-11-01,Nova Scotia,10.4
1981-12-01,Nova Scotia,10.4
1982-01-01,Nova Scotia,10.5
1982-02-01,Nova Scotia,11.3
1982-03-01,Nova Scotia,11.7
1982-04-01,Nova Scotia,12.5
1982-05-01,Nova Scotia,12.9
1982-06-01,Nova Scotia,13.5
1982-07-01,Nova Scotia,13.3
1982-08-01,Nova Scotia,12.9
1982-09-01,Nova Scotia,13.6
1982-10-01,Nova Scotia,13.5
1982-11-01,Nova Scotia,14.0
1982-12-01,Nova Scotia,14.4
1983-01-01,Nova Scotia,14.2
1983-02-01,Nova Scotia,13.1
1983-03-01,Nova Scotia,14.0
1983-04-01,Nova Scotia,13.2
1983-05-01,Nova Scotia,13.9
1983-06-01,Nova Scotia,13.5
1983-07-01,Nova Scotia,13.8
1983-08-01,Nova Scotia,13.1
1983-09-01,Nova Scotia,13.3
1983-10-01,Nova Scotia,13.2
1983-11-01,Nova Scotia,13.1
1983-12-01,Nova Scotia,13.3
1984-01-01,Nova Scotia,12.9
1984-02-01,Nova Scotia,12.7
1984-03-01,Nova Scotia,12.3
1984-04-01,Nova Scotia,12.9
1984-05-01,Nova Scotia,12.9
1984-06-01,Nova Scotia,12.9
1984-07-01,Nova Scotia,12.4
1984-08-01,Nova Scotia,13.1
1984-09-01,Nova Scotia,14.0
1984-10-01,Nova Scotia,14.1
1984-11-01,Nova Scotia,13.6
1984-12-01,Nova Scotia,13.6
1985-01-01,Nova Scotia,13.6
1985-02-01,Nova Scotia,13.6
1985-03-01,Nova Scotia,14.1
1985-04-01,Nova Scotia,13.8
1985-05-01,Nova Scotia,13.2
1985-06-01,Nova Scotia,13.1
1985-07-01,Nova Scotia,13.8
1985-08-01,Nova Scotia,13.5
1985-09-01,Nova Scotia,13.3
1985-10-01,Nova Scotia,13.3
1985-11-01,Nova Scotia,13.6
1985-12-01,Nova Scotia,12.3
1986-01-01,Nova Scotia,13.0
1986-02-01,Nova Scotia,13.2
1986-03-01,Nova Scotia,12.6
1986-04-01,Nova Scotia,12.9
1986-05-01,Nova Scotia,13.3
1986-06-01,Nova Scotia,13.3
1986-07-01,Nova Scotia,13.8
1986-08-01,Nova Scotia,13.5
1986-09-01,Nova Scotia,12.7
1986-10-01,Nova Scotia,13.4
1986-11-01,Nova Scotia,13.4
1986-12-01,Nova Scotia,13.9
1987-01-01,Nova Scotia,13.5
1987-02-01,Nova Scotia,13.8
1987-03-01,Nova Scotia,13.5
1987-04-01,Nova Scotia,13.5
1987-05-01,Nova Scotia,12.5
1987-06-01,Nova Scotia,12.0
1987-07-01,Nova Scotia,11.3
1987-08-01,Nova Scotia,10.8
1987-09-01,Nova Scotia,10.5
1987-10-01,Nova Scotia,10.5
1987-11-01,Nova Scotia,11.0
1987-12-01,Nova Scotia,10.8
1988-01-01,Nova Scotia,11.5
1988-02-01,Nova Scotia,10.8
1988-03-01,Nova Scotia,10.3
1988-04-01,Nova Scotia,10.3
1988-05-01,Nova Scotia,10.2
1988-06-01,Nova Scotia,10.0
1988-07-01,Nova Scotia,9.7
1988-08-01,Nova Scotia,10.1
1988-09-01,Nova Scotia,10.2
1988-10-01,Nova Scotia,10.0
1988-11-01,Nova Scotia,9.6
1988-12-01,Nova Scotia,9.6
1989-01-01,Nova Scotia,9.0
1989-02-01,Nova Scotia,9.1
1989-03-01,Nova Scotia,9.3
1989-04-01,Nova Scotia,11.0
1989-05-01,Nova Scotia,9.6
1989-06-01,Nova Scotia,9.3
1989-07-01,Nova Scotia,9.8
1989-08-01,Nova Scotia,10.1
1989-09-01,Nova Scotia,10.2
1989-10-01,Nova Scotia,10.2
1989-11-01,Nova Scotia,10.1
1989-12-01,Nova Scotia,10.6
1990-01-01,Nova Scotia,10.7
1990-02-01,Nova Scotia,11.0
1990-03-01,Nova Scotia,10.3
1990-04-01,Nova Scotia,9.9
1990-05-01,Nova Scotia,10.7
1990-06-01,Nova Scotia,10.7
1990-07-01,Nova Scotia,10.9
1990-08-01,Nova Scotia,10.7
1990-09-01,Nova Scotia,11.2
1990-10-01,Nova Scotia,10.7
1990-11-01,Nova Scotia,10.6
1990-12-01,Nova Scotia,11.1
1991-01-01,Nova Scotia,11.3
1991-02-01,Nova Scotia,11.7
1991-03-01,Nova Scotia,11.7
1991-04-01,Nova Scotia,11.6
1991-05-01,Nova Scotia,11.7
1991-06-01,Nova Scotia,12.0
1991-07-01,Nova Scotia,12.0
1991-08-01,Nova Scotia,12.3
1991-09-01,Nova Scotia,12.9
1991-10-01,Nova Scotia,12.7
1991-11-01,Nova Scotia,12.8
1991-12-01,Nova Scotia,12.6
1992-01-01,Nova Scotia,12.3
1992-02-01,Nova Scotia,12.3
1992-03-01,Nova Scotia,12.9
1992-04-01,Nova Scotia,12.5
1992-05-01,Nova Scotia,13.0
1992-06-01,Nova Scotia,13.1
1992-07-01,Nova Scotia,14.0
1992-08-01,Nova Scotia,13.1
1992-09-01,Nova Scotia,13.1
1992-10-01,Nova Scotia,12.8
1992-11-01,Nova Scotia,13.5
1992-12-01,Nova Scotia,14.1
1993-01-01,Nova Scotia,13.2
1993-02-01,Nova Scotia,13.7
1993-03-01,Nova Scotia,14.0
1993-04-01,Nova Scotia,13.9
1993-05-01,Nova Scotia,14.0
1993-06-01,Nova Scotia,13.7
1993-07-01,Nova Scotia,14.1
1993-08-01,Nova Scotia,14.6
1993-09-01,Nova Scotia,15.0
1993-10-01,Nova Scotia,15.1
1993-11-01,Nova Scotia,15.2
1993-12-01,Nova Scotia,15.7
1994-01-01,Nova Scotia,15.0
1994-02-01,Nova Scotia,14.3
1994-03-01,Nova Scotia,14.0
1994-04-01,Nova Scotia,14.3
1994-05-01,Nova Scotia,13.7
1994-06-01,Nova Scotia,13.4
1994-07-01,Nova Scotia,13.4
1994-08-01,Nova Scotia,13.2
1994-09-01,Nova Scotia,13.0
1994-10-01,Nova Scotia,12.5
1994-11-01,Nova Scotia,12.6
1994-12-01,Nova Scotia,12.4
1995-01-01,Nova Scotia,12.6
1995-02-01,Nova Scotia,11.9
1995-03-01,Nova Scotia,12.5
1995-04-01,Nova Scotia,11.6
1995-05-01,Nova Scotia,13.0
1995-06-01,Nova Scotia,13.2
1995-07-01,Nova Scotia,13.2
1995-08-01,Nova Scotia,12.4
1995-09-01,Nova Scotia,11.5
1995-10-01,Nova Scotia,11.5
1995-11-01,Nova Scotia,11.5
1995-12-01,Nova Scotia,10.8
1996-01-01,Nova Scotia,11.3
1996-02-01,Nova Scotia,11.5
1996-03-01,Nova Scotia,12.1
1996-04-01,Nova Scotia,12.3
1996-05-01,Nova Scotia,12.0
1996-06-01,Nova Scotia,12.7
1996-07-01,Nova Scotia,12.6
1996-08-01,Nova Scotia,12.8
1996-09-01,Nova Scotia,13.5
1996-10-01,Nova Scotia,13.0
1996-11-01,Nova Scotia,12.6
1996-12-01,Nova Scotia,12.5
1997-01-01,Nova Scotia,12.4
1997-02-01,Nova Scotia,13.1
1997-03-01,Nova Scotia,12.8
1997-04-01,Nova Scotia,12.8
1997-05-01,Nova Scotia,13.1
1997-06-01,Nova Scotia,12.2
1997-07-01,Nova Scotia,11.7
1997-08-01,Nova Scotia,11.8
1997-09-01,Nova Scotia,11.5
1997-10-01,Nova Scotia,11.2
1997-11-01,Nova Scotia,11.1
1997-12-01,Nova Scotia,11.3
1998-01-01,Nova Scotia,11.1
1998-02-01,Nova Scotia,10.4
1998-03-01,Nova Scotia,9.8
1998-04-01,Nova Scotia,10.8
1998-05-01,Nova Scotia,10.6
1998-06-01,Nova Scotia,10.7
1998-07-01,Nova Scotia,10.4
1998-08-01,Nova Scotia,10.1
1998-09-01,Nova Scotia,10.5
1998-10-01,Nova Scotia,10.6
1998-11-01,Nova Scotia,10.6
1998-12-01,Nova Scotia,9.8
1999-01-01,Nova Scotia,9.4
1999-02-01,Nova Scotia,10.2
1999-03-01,Nova Scotia,10.5
1999-04-01,Nova Scotia,9.4
1999-05-01,Nova Scotia,9.7
1999-06-01,Nova Scotia,9.4
1999-07-01,Nova Scotia,8.9
1999-08-01,Nova Scotia,9.1
1999-09-01,Nova Scotia,9.7
1999-10-01,Nova Scotia,9.5
1999-11-01,Nova Scotia,9.2
1999-12-01,Nova Scotia,9.6
2000-01-01,Nova Scotia,9.4
2000-02-01,Nova Scotia,9.5
2000-03-01,Nova Scotia,8.7
2000-04-01,Nova Scotia,8.5
2000-05-01,Nova Scotia,8.7
2000-06-01,Nova Scotia,8.6
2000-07-01,Nova Scotia,8.8
2000-08-01,Nova Scotia,9.4
2000-09-01,Nova Scotia,9.4
2000-10-01,Nova Scotia,9.4
2000-11-01,Nova Scotia,9.5
2000-12-01,Nova Scotia,9.1
2001-01-01,Nova Scotia,9.6
2001-02-01,Nova Scotia,8.9
2001-03-01,Nova Scotia,10.1
2001-04-01,Nova Scotia,10.1
2001-05-01,Nova Scotia,10.2
2001-06-01,Nova Scotia,10.3
2001-07-01,Nova Scotia,9.8
2001-08-01,Nova Scotia,9.8
2001-09-01,Nova Scotia,9.6
2001-10-01,Nova Scotia,9.7
2001-11-01,Nova Scotia,9.1
2001-12-01,Nova Scotia,10.0
2002-01-01,Nova Scotia,9.8
2002-02-01,Nova Scotia,10.1
2002-03-01,Nova Scotia,9.3
2002-04-01,Nova Scotia,9.5
2002-05-01,Nova Scotia,10.0
2002-06-01,Nova Scotia,9.5
2002-07-01,Nova Scotia,10.1
2002-08-01,Nova Scotia,9.4
2002-09-01,Nova Scotia,9.6
2002-10-01,Nova Scotia,9.4
2002-11-01,Nova Scotia,9.3
2002-12-01,Nova Scotia,9.2
2003-01-01,Nova Scotia,9.0
2003-02-01,Nova Scotia,8.6
2003-03-01,Nova Scotia,8.9
2003-04-01,Nova Scotia,8.4
2003-05-01,Nova Scotia,8.9
2003-06-01,Nova Scotia,8.8
2003-07-01,Nova Scotia,9.3
2003-08-01,Nova Scotia,10.0
2003-09-01,Nova Scotia,9.3
2003-10-01,Nova Scotia,9.2
2003-11-01,Nova Scotia,9.7
2003-12-01,Nova Scotia,8.8
2004-01-01,Nova Scotia,9.3
2004-02-01,Nova Scotia,8.7
2004-03-01,Nova Scotia,9.3
2004-04-01,Nova Scotia,9.2
2004-05-01,Nova Scotia,8.7
2004-06-01,Nova Scotia,8.6
2004-07-01,Nova Scotia,8.3
2004-08-01,Nova Scotia,8.8
2004-09-01,Nova Scotia,8.4
2004-10-01,Nova Scotia,8.5
2004-11-01,Nova Scotia,8.9
2004-12-01,Nova Scotia,9.0
2005-01-01,Nova Scotia,8.8
2005-02-01,Nova Scotia,9.5
2005-03-01,Nova Scotia,8.6
2005-04-01,Nova Scotia,8.6
2005-05-01,Nova Scotia,8.1
2005-06-01,Nova Scotia,8.5
2005-07-01,Nova Scotia,7.8
2005-08-01,Nova Scotia,7.3
2005-09-01,Nova Scotia,8.4
2005-10-01,Nova Scotia,8.5
2005-11-01,Nova Scotia,8.3
2005-12-01,Nova Scotia,8.7
2006-01-01,Nova Scotia,8.0
2006-02-01,Nova Scotia,8.6
2006-03-01,Nova Scotia,8.3
2006-04-01,Nova Scotia,8.6
2006-05-01,Nova Scotia,8.4
2006-06-01,Nova Scotia,8.5
2006-07-01,Nova Scotia,8.6
2006-08-01,Nova Scotia,8.2
2006-09-01,Nova Scotia,7.9
2006-10-01,Nova Scotia,8.1
2006-11-01,Nova Scotia,7.8
2006-12-01,Nova Scotia,7.9
2007-01-01,Nova Scotia,8.5
2007-02-01,Nova Scotia,7.8
2007-03-01,Nova Scotia,8.3
2007-04-01,Nova Scotia,8.2
2007-05-01,Nova Scotia,8.1
2007-06-01,Nova Scotia,8.3
2007-07-01,Nova Scotia,8.9
2007-08-01,Nova Scotia,8.3
2007-09-01,Nova Scotia,8.1
2007-10-01,Nova Scotia,7.7
2007-11-01,Nova Scotia,8.4
2007-12-01,Nova Scotia,7.9
2008-01-01,Nova Scotia,7.5
2008-02-01,Nova Scotia,8.1
2008-03-01,Nova Scotia,8.1
2008-04-01,Nova Scotia,7.3
2008-05-01,Nova Scotia,8.4
2008-06-01,Nova Scotia,7.7
2008-07-01,Nova Scotia,7.1
2008-08-01,Nova Scotia,8.2
2008-09-01,Nova Scotia,7.9
2008-10-01,Nova Scotia,8.3
2008-11-01,Nova Scotia,8.3
2008-12-01,Nova Scotia,8.2
2009-01-01,Nova Scotia,9.0
2009-02-01,Nova Scotia,8.7
2009-03-01,Nova Scotia,9.2
2009-04-01,Nova Scotia,10.0
2009-05-01,Nova Scotia,9.2
2009-06-01,Nova Scotia,9.5
2009-07-01,Nova Scotia,9.6
2009-08-01,Nova Scotia,9.3
2009-09-01,Nova Scotia,9.9
2009-10-01,Nova Scotia,9.2
2009-11-01,Nova Scotia,9.5
2009-12-01,Nova Scotia,9.2
2010-01-01,Nova Scotia,9.3
2010-02-01,Nova Scotia,9.2
2010-03-01,Nova Scotia,8.8
2010-04-01,Nova Scotia,8.6
2010-05-01,Nova Scotia,9.0
2010-06-01,Nova Scotia,9.2
2010-07-01,Nova Scotia,9.8
2010-08-01,Nova Scotia,10.0
2010-09-01,Nova Scotia,9.7
2010-10-01,Nova Scotia,10.1
2010-11-01,Nova Scotia,9.9
2010-12-01,Nova Scotia,10.8
2011-01-01,Nova Scotia,9.7
2011-02-01,Nova Scotia,9.5
2011-03-01,Nova Scotia,9.1
2011-04-01,Nova Scotia,9.4
2011-05-01,Nova Scotia,9.2
2011-06-01,Nova Scotia,8.7
2011-07-01,Nova Scotia,9.3
2011-08-01,Nova Scotia,8.8
2011-09-01,Nova Scotia,8.9
2011-10-01,Nova Scotia,8.9
2011-11-01,Nova Scotia,9.1
2011-12-01,Nova Scotia,7.8
2012-01-01,Nova Scotia,8.7
2012-02-01,Nova Scotia,8.6
2012-03-01,Nova Scotia,9.0
2012-04-01,Nova Scotia,9.2
2012-05-01,Nova Scotia,9.6
2012-06-01,Nova Scotia,9.5
2012-07-01,Nova Scotia,9.5
2012-08-01,Nova Scotia,9.9
2012-09-01,Nova Scotia,9.1
2012-10-01,Nova Scotia,9.6
2012-11-01,Nova Scotia,9.3
2012-12-01,Nova Scotia,10.0
2013-01-01,Nova Scotia,9.7
2013-02-01,Nova Scotia,9.3
2013-03-01,Nova Scotia,9.3
2013-04-01,Nova Scotia,8.9
2013-05-01,Nova Scotia,8.7
2013-06-01,Nova Scotia,9.1
2013-07-01,Nova Scotia,8.8
2013-08-01,Nova Scotia,9.1
2013-09-01,Nova Scotia,8.8
2013-10-01,Nova Scotia,9.3
2013-11-01,Nova Scotia,9.0
2013-12-01,Nova Scotia,9.4
2014-01-01,Nova Scotia,9.3
2014-02-01,Nova Scotia,9.2
2014-03-01,Nova Scotia,9.2
2014-04-01,Nova Scotia,9.3
2014-05-01,Nova Scotia,9.3
2014-06-01,Nova Scotia,9.4
2014-07-01,Nova Scotia,9.6
2014-08-01,Nova Scotia,8.8
2014-09-01,Nova Scotia,9.1
2014-10-01,Nova Scotia,9.0
2014-11-01,Nova Scotia,8.7
2014-12-01,Nova Scotia,8.3
2015-01-01,Nova Scotia,8.9
2015-02-01,Nova Scotia,9.2
2015-03-01,Nova Scotia,9.5
2015-04-01,Nova Scotia,9.8
2015-05-01,Nova Scotia,9.1
2015-06-01,Nova Scotia,8.5
2015-07-01,Nova Scotia,8.3
2015-08-01,Nova Scotia,8.3
2015-09-01,Nova Scotia,8.6
2015-10-01,Nova Scotia,7.9
2015-11-01,Nova Scotia,9.2
2015-12-01,Nova Scotia,9.1
2016-01-01,Nova Scotia,9.1
2016-02-01,Nova Scotia,8.9
2016-03-01,Nova Scotia,8.8
2016-04-01,Nova Scotia,8.0
2016-05-01,Nova Scotia,8.8
2016-06-01,Nova Scotia,8.0
2016-07-01,Nova Scotia,8.5
2016-08-01,Nova Scotia,8.3
2016-09-01,Nova Scotia,8.2
2016-10-01,Nova Scotia,7.9
2016-11-01,Nova Scotia,8.2
2016-12-01,Nova Scotia,8.6
2017-01-01,Nova Scotia,8.4
2017-02-01,Nova Scotia,8.6
2017-03-01,Nova Scotia,9.2
2017-04-01,Nova Scotia,8.8
2017-05-01,Nova Scotia,8.5
2017-06-01,Nova Scotia,9.0
2017-07-01,Nova Scotia,8.2
2017-08-01,Nova Scotia,8.5
2017-09-01,Nova Scotia,9.1
2017-10-01,Nova Scotia,8.7
2017-11-01,Nova Scotia,9.1
2017-12-01,Nova Scotia,8.2
2018-01-01,Nova Scotia,8.6
2018-02-01,Nova Scotia,8.7
2018-03-01,Nova Scotia,8.3
2018-04-01,Nova Scotia,7.3
2018-05-01,Nova Scotia,7.5
2018-06-01,Nova Scotia,7.9
2018-07-01,Nova Scotia,8.4
2018-08-01,Nova Scotia,8.3
2018-09-01,Nova Scotia,7.9
2018-10-01,Nova Scotia,7.6
2018-11-01,Nova Scotia,7.2
2018-12-01,Nova Scotia,7.1
2019-01-01,Nova Scotia,7.4
2019-02-01,Nova Scotia,7.1
2019-03-01,Nova Scotia,6.9
2019-04-01,Nova Scotia,7.4
2019-05-01,Nova Scotia,7.1
2019-06-01,Nova Scotia,7.1
2019-07-01,Nova Scotia,7.5
2019-08-01,Nova Scotia,8.0
2019-09-01,Nova Scotia,7.3
2019-10-01,Nova Scotia,7.8
2019-11-01,Nova Scotia,8.3
2019-12-01,Nova Scotia,8.1
2020-01-01,Nova Scotia,8.1
2020-02-01,Nova Scotia,8.6
2020-03-01,Nova Scotia,9.9
2020-04-01,Nova Scotia,12.8
2020-05-01,Nova Scotia,14.6
2020-06-01,Nova Scotia,13.8
2020-07-01,Nova Scotia,10.9
2020-08-01,Nova Scotia,10.0
2020-09-01,Nova Scotia,7.6
2020-10-01,Nova Scotia,8.7
2020-11-01,Nova Scotia,6.8
2020-12-01,Nova Scotia,8.5
2021-01-01,Nova Scotia,9.0
2021-02-01,Nova Scotia,8.5
2021-03-01,Nova Scotia,9.2
2021-04-01,Nova Scotia,8.4
2021-05-01,Nova Scotia,10.5
2021-06-01,Nova Scotia,8.7
2021-07-01,Nova Scotia,8.5
2021-08-01,Nova Scotia,8.0
2021-09-01,Nova Scotia,7.9
2021-10-01,Nova Scotia,7.9
2021-11-01,Nova Scotia,8.7
2021-12-01,Nova Scotia,7.5
2022-01-01,Nova Scotia,7.1
2022-02-01,Nova Scotia,6.5
2022-03-01,Nova Scotia,7.0
2022-04-01,Nova Scotia,6.1
2022-05-01,Nova Scotia,7.0
2022-06-01,Nova Scotia,6.5
2022-07-01,Nova Scotia,6.4
2022-08-01,Nova Scotia,7.5
2022-09-01,Nova Scotia,6.2
2022-10-01,Nova Scotia,6.8
2022-11-01,Nova Scotia,5.7
2022-12-01,Nova Scotia,6.3
2023-01-01,Nova Scotia,5.4
2023-02-01,Nova Scotia,5.9
2023-03-01,Nova Scotia,5.9
2023-04-01,Nova Scotia,6.3
2023-05-01,Nova Scotia,6.1
2023-06-01,Nova Scotia,6.5
2023-07-01,Nova Scotia,7.5
2023-08-01,Nova Scotia,6.8
2023-09-01,Nova Scotia,7.1
2023-10-01,Nova Scotia,6.5
2023-11-01,Nova Scotia,6.7
2023-12-01,Nova Scotia,6.0
2024-01-01,Nova Scotia,7.1
2024-02-01,Nova Scotia,6.1
2024-03-01,Nova Scotia,6.6
2024-04-01,Nova Scotia,6.0
2024-05-01,Nova Scotia,6.6
2024-06-01,Nova Scotia,6.5
2024-07-01,Nova Scotia,6.8
2024-08-01,Nova Scotia,6.6
2024-09-01,Nova Scotia,6.4
2024-10-01,Nova Scotia,6.2
2024-11-01,Nova Scotia,6.3
2024-12-01,Nova Scotia,6.4
2025-01-01,Nova Scotia,6.1
2025-02-01,Nova Scotia,6.7
2025-03-01,Nova Scotia,6.1
2025-04-01,Nova Scotia,7.2
2025-05-01,Nova Scotia,6.5
2025-06-01,Nova Scotia,6.8
2025-07-01,Nova Scotia,6.9
2025-08-01,Nova Scotia,6.5
2025-09-01,Nova Scotia,6.2
2025-10-01,Nova Scotia,6.7
2025-11-01,Nova Scotia,6.6
2025-12-01,Nova Scotia,6.4
2026-01-01,Nova Scotia,6.9
2026-02-01,Nova Scotia,7.1
1976-01-01,Ontario,6.4
1976-02-01,Ontario,6.1
1976-03-01,Ontario,6.0
1976-04-01,Ontario,5.9
1976-05-01,Ontario,5.8
1976-06-01,Ontario,5.8
1976-07-01,Ontario,6.6
1976-08-01,Ontario,6.1
1976-09-01,Ontario,5.7
1976-10-01,Ontario,6.4
1976-11-01,Ontario,6.3
1976-12-01,Ontario,6.6
1977-01-01,Ontario,6.7
1977-02-01,Ontario,7.0
1977-03-01,Ontario,6.8
1977-04-01,Ontario,6.9
1977-05-01,Ontario,6.9
1977-06-01,Ontario,6.7
1977-07-01,Ontario,6.8
1977-08-01,Ontario,7.1
1977-09-01,Ontario,7.2
1977-10-01,Ontario,7.0
1977-11-01,Ontario,7.0
1977-12-01,Ontario,7.2
1978-01-01,Ontario,7.0
1978-02-01,Ontario,7.0
1978-03-01,Ontario,7.2
1978-04-01,Ontario,7.2
1978-05-01,Ontario,7.3
1978-06-01,Ontario,7.2
1978-07-01,Ontario,7.4
1978-08-01,Ontario,7.1
1978-09-01,Ontario,7.5
1978-10-01,Ontario,7.1
1978-11-01,Ontario,7.5
1978-12-01,Ontario,7.4
1979-01-01,Ontario,7.0
1979-02-01,Ontario,6.8
1979-03-01,Ontario,6.7
1979-04-01,Ontario,6.8
1979-05-01,Ontario,6.6
1979-06-01,Ontario,6.6
1979-07-01,Ontario,6.4
1979-08-01,Ontario,6.5
1979-09-01,Ontario,6.2
1979-10-01,Ontario,6.6
1979-11-01,Ontario,6.5
1979-12-01,Ontario,6.2
1980-01-01,Ontario,6.6
1980-02-01,Ontario,6.6
1980-03-01,Ontario,7.0
1980-04-01,Ontario,7.2
1980-05-01,Ontario,7.6
1980-06-01,Ontario,7.2
1980-07-01,Ontario,7.0
1980-08-01,Ontario,7.1
1980-09-01,Ontario,6.6
1980-10-01,Ontario,6.5
1980-11-01,Ontario,6.1
1980-12-01,Ontario,6.6
1981-01-01,Ontario,6.5
1981-02-01,Ontario,6.4
1981-03-01,Ontario,6.5
1981-04-01,Ontario,6.3
1981-05-01,Ontario,6.2
1981-06-01,Ontario,6.4
1981-07-01,Ontario,6.2
1981-08-01,Ontario,6.0
1981-09-01,Ontario,7.0
1981-10-01,Ontario,7.1
1981-11-01,Ontario,7.0
1981-12-01,Ontario,7.5
1982-01-01,Ontario,7.6
1982-02-01,Ontario,7.8
1982-03-01,Ontario,8.0
1982-04-01,Ontario,8.3
1982-05-01,Ontario,8.8
1982-06-01,Ontario,9.5
1982-07-01,Ontario,10.4
1982-08-01,Ontario,10.5
1982-09-01,Ontario,11.1
1982-10-01,Ontario,11.8
1982-11-01,Ontario,12.2
1982-12-01,Ontario,12.4
1983-01-01,Ontario,11.7
1983-02-01,Ontario,11.8
1983-03-01,Ontario,11.3
1983-04-01,Ontario,11.4
1983-05-01,Ontario,11.2
1983-06-01,Ontario,10.9
1983-07-01,Ontario,10.1
1983-08-01,Ontario,9.8
1983-09-01,Ontario,9.2
1983-10-01,Ontario,9.2
1983-11-01,Ontario,9.1
1983-12-01,Ontario,9.1
1984-01-01,Ontario,9.2
1984-02-01,Ontario,9.1
1984-03-01,Ontario,9.2
1984-04-01,Ontario,9.3
1984-05-01,Ontario,9.4
1984-06-01,Ontario,8.7
1984-07-01,Ontario,8.8
1984-08-01,Ontario,9.0
1984-09-01,Ontario,9.2
1984-10-01,Ontario,8.5
1984-11-01,Ontario,8.9
1984-12-01,Ontario,8.6
1985-01-01,Ontario,8.3
1985-02-01,Ontario,8.3
1985-03-01,Ontario,8.6
1985-04-01,Ontario,8.4
1985-05-01,Ontario,8.0
1985-06-01,Ontario,8.0
1985-07-01,Ontario,7.9
1985-08-01,Ontario,7.9
1985-09-01,Ontario,7.7
1985-10-01,Ontario,7.6
1985-11-01,Ontario,7.1
1985-12-01,Ontario,7.2
1986-01-01,Ontario,7.2
1986-02-01,Ontario,7.2
1986-03-01,Ontario,6.9
1986-04-01,Ontario,7.0
1986-05-01,Ontario,7.0
1986-06-01,Ontario,7.0
1986-07-01,Ontario,7.0
1986-08-01,Ontario,6.9
1986-09-01,Ontario,7.2
1986-10-01,Ontario,7.0
1986-11-01,Ontario,6.5
1986-12-01,Ontario,6.8
1987-01-01,Ontario,6.4
1987-02-01,Ontario,6.6
1987-03-01,Ontario,6.6
1987-04-01,Ontario,6.4
1987-05-01,Ontario,6.3
1987-06-01,Ontario,6.2
1987-07-01,Ontario,5.9
1987-08-01,Ontario,5.9
1987-09-01,Ontario,5.9
1987-10-01,Ontario,5.8
1987-11-01,Ontario,5.8
1987-12-01,Ontario,5.3
1988-01-01,Ontario,5.7
1988-02-01,Ontario,5.1
1988-03-01,Ontario,5.0
1988-04-01,Ontario,4.8
1988-05-01,Ontario,4.9
1988-06-01,Ontario,4.9
1988-07-01,Ontario,5.0
1988-08-01,Ontario,4.9
1988-09-01,Ontario,5.2
1988-10-01,Ontario,5.0
1988-11-01,Ontario,5.1
1988-12-01,Ontario,4.9
1989-01-01,Ontario,4.8
1989-02-01,Ontario,5.2
1989-03-01,Ontario,5.0
1989-04-01,Ontario,5.2
1989-05-01,Ontario,5.0
1989-06-01,Ontario,4.7
1989-07-01,Ontario,4.8
1989-08-01,Ontario,4.9
1989-09-01,Ontario,4.8
1989-10-01,Ontario,4.7
1989-11-01,Ontario,5.1
1989-12-01,Ontario,5.4
1990-01-01,Ontario,5.6
1990-02-01,Ontario,5.2
1990-03-01,Ontario,5.2
1990-04-01,Ontario,5.3
1990-05-01,Ontario,5.6
1990-06-01,Ontario,5.5
1990-07-01,Ontario,6.1
1990-08-01,Ontario,6.2
1990-09-01,Ontario,6.7
1990-10-01,Ontario,7.2
1990-11-01,Ontario,7.6
1990-12-01,Ontario,8.1
1991-01-01,Ontario,8.5
1991-02-01,Ontario,9.4
1991-03-01,Ontario,9.9
1991-04-01,Ontario,9.6
1991-05-01,Ontario,9.4
1991-06-01,Ontario,10.0
1991-07-01,Ontario,9.7
1991-08-01,Ontario,9.9
1991-09-01,Ontario,9.0
1991-10-01,Ontario,9.5
1991-11-01,Ontario,9.5
1991-12-01,Ontario,9.7
1992-01-01,Ontario,9.6
1992-02-01,Ontario,9.8
1992-03-01,Ontario,10.3
1992-04-01,Ontario,10.5
1992-05-01,Ontario,10.6
1992-06-01,Ontario,10.9
1992-07-01,Ontario,10.7
1992-08-01,Ontario,11.3
1992-09-01,Ontario,11.6
1992-10-01,Ontario,11.3
1992-11-01,Ontario,11.5
1992-12-01,Ontario,11.3
1993-01-01,Ontario,10.6
1993-02-01,Ontario,10.3
1993-03-01,Ontario,10.6
1993-04-01,Ontario,11.1
1993-05-01,Ontario,11.0
1993-06-01,Ontario,11.3
1993-07-01,Ontario,11.2
1993-08-01,Ontario,10.9
1993-09-01,Ontario,11.1
1993-10-01,Ontario,10.6
1993-11-01,Ontario,11.0
1993-12-01,Ontario,11.2
1994-01-01,Ontario,11.0
1994-02-01,Ontario,10.6
1994-03-01,Ontario,10.1
1994-04-01,Ontario,10.3
1994-05-01,Ontario,9.9
1994-06-01,Ontario,9.5
1994-07-01,Ontario,9.3
1994-08-01,Ontario,9.2
1994-09-01,Ontario,9.3
1994-10-01,Ontario,9.1
1994-11-01,Ontario,8.9
1994-12-01,Ontario,8.7
1995-01-01,Ontario,8.6
1995-02-01,Ontario,8.8
1995-03-01,Ontario,8.7
1995-04-01,Ontario,8.7
1995-05-01,Ontario,8.9
1995-06-01,Ontario,8.8
1995-07-01,Ontario,9.2
1995-08-01,Ontario,9.0
1995-09-01,Ontario,8.6
1995-10-01,Ontario,8.7
1995-11-01,Ontario,8.4
1995-12-01,Ontario,8.6
1996-01-01,Ontario,8.8
1996-02-01,Ontario,8.9
1996-03-01,Ontario,9.0
1996-04-01,Ontario,8.9
1996-05-01,Ontario,9.0
1996-06-01,Ontario,9.5
1996-07-01,Ontario,9.1
1996-08-01,Ontario,8.6
1996-09-01,Ontario,9.2
1996-10-01,Ontario,9.1
1996-11-01,Ontario,9.1
1996-12-01,Ontario,9.0
1997-01-01,Ontario,8.9
1997-02-01,Ontario,8.9
1997-03-01,Ontario,8.8
1997-04-01,Ontario,9.0
1997-05-01,Ontario,8.6
1997-06-01,Ontario,8.4
1997-07-01,Ontario,8.1
1997-08-01,Ontario,8.1
1997-09-01,Ontario,7.9
1997-10-01,Ontario,8.0
1997-11-01,Ontario,8.1
1997-12-01,Ontario,7.6
1998-01-01,Ontario,7.9
1998-02-01,Ontario,7.5
1998-03-01,Ontario,7.4
1998-04-01,Ontario,7.3
1998-05-01,Ontario,7.0
1998-06-01,Ontario,7.2
1998-07-01,Ontario,7.2
1998-08-01,Ontario,6.9
1998-09-01,Ontario,7.0
1998-10-01,Ontario,6.9
1998-11-01,Ontario,6.9
1998-12-01,Ontario,7.0
1999-01-01,Ontario,6.6
1999-02-01,Ontario,6.7
1999-03-01,Ontario,6.6
1999-04-01,Ontario,7.3
1999-05-01,Ontario,6.9
1999-06-01,Ontario,6.3
1999-07-01,Ontario,6.4
1999-08-01,Ontario,5.9
1999-09-01,Ontario,6.3
1999-10-01,Ontario,5.9
1999-11-01,Ontario,5.6
1999-12-01,Ontario,5.5
2000-01-01,Ontario,5.8
2000-02-01,Ontario,5.8
2000-03-01,Ontario,5.7
2000-04-01,Ontario,5.6
2000-05-01,Ontario,5.6
2000-06-01,Ontario,5.6
2000-07-01,Ontario,5.4
2000-08-01,Ontario,5.9
2000-09-01,Ontario,5.9
2000-10-01,Ontario,6.0
2000-11-01,Ontario,6.1
2000-12-01,Ontario,6.0
2001-01-01,Ontario,5.7
2001-02-01,Ontario,6.2
2001-03-01,Ontario,6.3
2001-04-01,Ontario,6.1
2001-05-01,Ontario,5.9
2001-06-01,Ontario,6.3
2001-07-01,Ontario,6.2
2001-08-01,Ontario,6.5
2001-09-01,Ontario,6.5
2001-10-01,Ontario,6.6
2001-11-01,Ontario,6.9
2001-12-01,Ontario,7.1
2002-01-01,Ontario,7.5
2002-02-01,Ontario,7.1
2002-03-01,Ontario,7.2
2002-04-01,Ontario,7.0
2002-05-01,Ontario,7.0
2002-06-01,Ontario,7.1
2002-07-01,Ontario,7.0
2002-08-01,Ontario,7.1
2002-09-01,Ontario,7.2
2002-10-01,Ontario,7.2
2002-11-01,Ontario,6.8
2002-12-01,Ontario,6.9
2003-01-01,Ontario,6.9
2003-02-01,Ontario,6.8
2003-03-01,Ontario,6.5
2003-04-01,Ontario,6.9
2003-05-01,Ontario,7.1
2003-06-01,Ontario,7.1
2003-07-01,Ontario,7.1
2003-08-01,Ontario,7.0
2003-09-01,Ontario,7.4
2003-10-01,Ontario,7.0
2003-11-01,Ontario,6.8
2003-12-01,Ontario,6.6
2004-01-01,Ontario,6.6
2004-02-01,Ontario,6.6
2004-03-01,Ontario,6.9
2004-04-01,Ontario,6.7
2004-05-01,Ontario,6.9
2004-06-01,Ontario,6.8
2004-07-01,Ontario,6.7
2004-08-01,Ontario,6.8
2004-09-01,Ontario,6.5
2004-10-01,Ontario,6.6
2004-11-01,Ontario,6.9
2004-12-01,Ontario,7.0
2005-01-01,Ontario,6.7
2005-02-01,Ontario,6.8
2005-03-01,Ontario,6.8
2005-04-01,Ontario,6.7
2005-05-01,Ontario,7.1
2005-06-01,Ontario,6.8
2005-07-01,Ontario,6.7
2005-08-01,Ontario,6.7
2005-09-01,Ontario,6.5
2005-10-01,Ontario,6.5
2005-11-01,Ontario,6.1
2005-12-01,Ontario,6.3
2006-01-01,Ontario,6.6
2006-02-01,Ontario,6.6
2006-03-01,Ontario,6.3
2006-04-01,Ontario,6.4
2006-05-01,Ontario,6.2
2006-06-01,Ontario,6.2
2006-07-01,Ontario,6.6
2006-08-01,Ontario,6.6
2006-09-01,Ontario,6.7
2006-10-01,Ontario,6.6
2006-11-01,Ontario,6.7
2006-12-01,Ontario,6.3
2007-01-01,Ontario,6.5
2007-02-01,Ontario,6.5
2007-03-01,Ontario,6.6
2007-04-01,Ontario,6.7
2007-05-01,Ontario,6.4
2007-06-01,Ontario,6.5
2007-07-01,Ontario,6.4
2007-08-01,Ontario,6.3
2007-09-01,Ontario,6.2
2007-10-01,Ontario,6.2
2007-11-01,Ontario,6.5
2007-12-01,Ontario,6.7
2008-01-01,Ontario,6.6
2008-02-01,Ontario,6.4
2008-03-01,Ontario,6.5
2008-04-01,Ontario,6.3
2008-05-01,Ontario,6.3
2008-06-01,Ontario,6.5
2008-07-01,Ontario,6.5
2008-08-01,Ontario,6.5
2008-09-01,Ontario,6.6
2008-10-01,Ontario,6.8
2008-11-01,Ontario,7.2
2008-12-01,Ontario,7.4
2009-01-01,Ontario,8.2
2009-02-01,Ontario,8.9
2009-03-01,Ontario,9.1
2009-04-01,Ontario,9.0
2009-05-01,Ontario,9.6
2009-06-01,Ontario,9.7
2009-07-01,Ontario,9.4
2009-08-01,Ontario,9.4
2009-09-01,Ontario,9.2
2009-10-01,Ontario,9.2
2009-11-01,Ontario,9.3
2009-12-01,Ontario,9.2
2010-01-01,Ontario,9.1
2010-02-01,Ontario,9.3
2010-03-01,Ontario,9.0
2010-04-01,Ontario,9.0
2010-05-01,Ontario,8.8
2010-06-01,Ontario,8.5
2010-07-01,Ontario,8.6
2010-08-01,Ontario,8.9
2010-09-01,Ontario,8.9
2010-10-01,Ontario,8.4
2010-11-01,Ontario,8.2
2010-12-01,Ontario,8.3
2011-01-01,Ontario,8.3
2011-02-01,Ontario,8.2
2011-03-01,Ontario,8.4
2011-04-01,Ontario,8.2
2011-05-01,Ontario,8.3
2011-06-01,Ontario,8.1
2011-07-01,Ontario,7.7
2011-08-01,Ontario,7.6
2011-09-01,Ontario,7.9
2011-10-01,Ontario,8.0
2011-11-01,Ontario,8.1
2011-12-01,Ontario,7.7
2012-01-01,Ontario,8.1
2012-02-01,Ontario,8.0
2012-03-01,Ontario,7.7
2012-04-01,Ontario,8.0
2012-05-01,Ontario,8.2
2012-06-01,Ontario,8.0
2012-07-01,Ontario,8.0
2012-08-01,Ontario,8.2
2012-09-01,Ontario,7.9
2012-10-01,Ontario,8.2
2012-11-01,Ontario,8.1
2012-12-01,Ontario,7.9
2013-01-01,Ontario,7.8
2013-02-01,Ontario,7.6
2013-03-01,Ontario,7.6
2013-04-01,Ontario,7.6
2013-05-01,Ontario,7.5
2013-06-01,Ontario,7.6
2013-07-01,Ontario,7.8
2013-08-01,Ontario,7.7
2013-09-01,Ontario,7.7
2013-10-01,Ontario,7.8
2013-11-01,Ontario,7.5
2013-12-01,Ontario,7.7
2014-01-01,Ontario,7.5
2014-02-01,Ontario,7.7
2014-03-01,Ontario,7.5
2014-04-01,Ontario,7.5
2014-05-01,Ontario,7.7
2014-06-01,Ontario,7.6
2014-07-01,Ontario,7.6
2014-08-01,Ontario,7.4
2014-09-01,Ontario,7.3
2014-10-01,Ontario,6.9
2014-11-01,Ontario,7.1
2014-12-01,Ontario,7.0
2015-01-01,Ontario,7.0
2015-02-01,Ontario,7.0
2015-03-01,Ontario,6.9
2015-04-01,Ontario,6.9
2015-05-01,Ontario,6.5
2015-06-01,Ontario,6.6
2015-07-01,Ontario,6.8
2015-08-01,Ontario,6.9
2015-09-01,Ontario,6.9
2015-10-01,Ontario,7.0
2015-11-01,Ontario,6.9
2015-12-01,Ontario,6.8
2016-01-01,Ontario,6.7
2016-02-01,Ontario,6.8
2016-03-01,Ontario,6.9
2016-04-01,Ontario,7.2
2016-05-01,Ontario,6.5
2016-06-01,Ontario,6.5
2016-07-01,Ontario,6.3
2016-08-01,Ontario,6.5
2016-09-01,Ontario,6.5
2016-10-01,Ontario,6.4
2016-11-01,Ontario,6.3
2016-12-01,Ontario,6.5
2017-01-01,Ontario,6.6
2017-02-01,Ontario,6.3
2017-03-01,Ontario,6.3
2017-04-01,Ontario,6.0
2017-05-01,Ontario,6.4
2017-06-01,Ontario,6.2
2017-07-01,Ontario,6.0
2017-08-01,Ontario,5.5
2017-09-01,Ontario,5.8
2017-10-01,Ontario,5.8
2017-11-01,Ontario,5.9
2017-12-01,Ontario,5.9
2018-01-01,Ontario,5.7
2018-02-01,Ontario,5.6
2018-03-01,Ontario,5.6
2018-04-01,Ontario,5.3
2018-05-01,Ontario,5.8
2018-06-01,Ontario,5.9
2018-07-01,Ontario,5.5
2018-08-01,Ontario,5.8
2018-09-01,Ontario,5.7
2018-10-01,Ontario,5.5
2018-11-01,Ontario,5.7
2018-12-01,Ontario,5.5
2019-01-01,Ontario,5.6
2019-02-01,Ontario,5.6
2019-03-01,Ontario,5.9
2019-04-01,Ontario,5.9
2019-05-01,Ontario,5.2
2019-06-01,Ontario,5.3
2019-07-01,Ontario,5.7
2019-08-01,Ontario,5.6
2019-09-01,Ontario,5.5
2019-10-01,Ontario,5.5
2019-11-01,Ontario,5.5
2019-12-01,Ontario,5.2
2020-01-01,Ontario,5.2
2020-02-01,Ontario,5.6
2020-03-01,Ontario,8.5
2020-04-01,Ontario,12.1
2020-05-01,Ontario,14.2
2020-06-01,Ontario,12.6
2020-07-01,Ontario,11.4
2020-08-01,Ontario,10.4
2020-09-01,Ontario,9.6
2020-10-01,Ontario,9.4
2020-11-01,Ontario,9.0
2020-12-01,Ontario,9.9
2021-01-01,Ontario,10.2
2021-02-01,Ontario,9.5
2021-03-01,Ontario,7.8
2021-04-01,Ontario,9.4
2021-05-01,Ontario,9.4
2021-06-01,Ontario,8.8
2021-07-01,Ontario,7.9
2021-08-01,Ontario,7.7
2021-09-01,Ontario,7.4
2021-10-01,Ontario,6.7
2021-11-01,Ontario,6.5
2021-12-01,Ontario,6.3
2022-01-01,Ontario,7.4
2022-02-01,Ontario,5.7
2022-03-01,Ontario,5.4
2022-04-01,Ontario,5.6
2022-05-01,Ontario,5.4
2022-06-01,Ontario,5.1
2022-07-01,Ontario,5.1
2022-08-01,Ontario,5.4
2022-09-01,Ontario,5.5
2022-10-01,Ontario,5.5
2022-11-01,Ontario,5.6
2022-12-01,Ontario,5.3
2023-01-01,Ontario,5.3
2023-02-01,Ontario,5.2
2023-03-01,Ontario,5.3
2023-04-01,Ontario,5.0
2023-05-01,Ontario,5.5
2023-06-01,Ontario,5.6
2023-07-01,Ontario,5.6
2023-08-01,Ontario,5.8
2023-09-01,Ontario,5.8
2023-10-01,Ontario,6.2
2023-11-01,Ontario,6.1
2023-12-01,Ontario,6.2
2024-01-01,Ontario,6.1
2024-02-01,Ontario,6.6
2024-03-01,Ontario,6.8
2024-04-01,Ontario,6.8
2024-05-01,Ontario,6.7
2024-06-01,Ontario,7.0
2024-07-01,Ontario,6.8
2024-08-01,Ontario,7.2
2024-09-01,Ontario,7.0
2024-10-01,Ontario,7.1
2024-11-01,Ontario,7.8
2024-12-01,Ontario,7.5
2025-01-01,Ontario,7.6
2025-02-01,Ontario,7.4
2025-03-01,Ontario,7.5
2025-04-01,Ontario,7.8
2025-05-01,Ontario,7.9
2025-06-01,Ontario,7.8
2025-07-01,Ontario,7.8
2025-08-01,Ontario,7.7
2025-09-01,Ontario,7.9
2025-10-01,Ontario,7.6
2025-11-01,Ontario,7.4
2025-12-01,Ontario,7.9
2026-01-01,Ontario,7.3
2026-02-01,Ontario,7.6
1976-01-01,Prince Edward Island,9.9
1976-02-01,Prince Edward Island,10.9
1976-03-01,Prince Edward Island,8.6
1976-04-01,Prince Edward Island,8.7
1976-05-01,Prince Edward Island,8.7
1976-06-01,Prince Edward Island,9.7
1976-07-01,Prince Edward Island,11.2
1976-08-01,Prince Edward Island,9.2
1976-09-01,Prince Edward Island,8.8
1976-10-01,Prince Edward Island,9.0
1976-11-01,Prince Edward Island,8.2
1976-12-01,Prince Edward Island,7.7
1977-01-01,Prince Edward Island,8.6
1977-02-01,Prince Edward Island,10.1
1977-03-01,Prince Edward Island,9.2
1977-04-01,Prince Edward Island,9.4
1977-05-01,Prince Edward Island,10.0
1977-06-01,Prince Edward Island,9.2
1977-07-01,Prince Edward Island,9.8
1977-08-01,Prince Edward Island,10.0
1977-09-01,Prince Edward Island,9.2
1977-10-01,Prince Edward Island,9.6
1977-11-01,Prince Edward Island,10.2
1977-12-01,Prince Edward Island,10.2
1978-01-01,Prince Edward Island,10.2
1978-02-01,Prince Edward Island,9.4
1978-03-01,Prince Edward Island,9.1
1978-04-01,Prince Edward Island,10.8
1978-05-01,Prince Edward Island,9.5
1978-06-01,Prince Edward Island,9.4
1978-07-01,Prince Edward Island,9.1
1978-08-01,Prince Edward Island,8.9
1978-09-01,Prince Edward Island,9.8
1978-10-01,Prince Edward Island,9.9
1978-11-01,Prince Edward Island,10.2
1978-12-01,Prince Edward Island,11.2
1979-01-01,Prince Edward Island,11.1
1979-02-01,Prince Edward Island,12.0
1979-03-01,Prince Edward Island,11.8
1979-04-01,Prince Edward Island,11.9
1979-05-01,Prince Edward Island,11.4
1979-06-01,Prince Edward Island,12.1
1979-07-01,Prince Edward Island,10.7
1979-08-01,Prince Edward Island,11.8
1979-09-01,Prince Edward Island,11.3
1979-10-01,Prince Edward Island,11.9
1979-11-01,Prince Edward Island,10.8
1979-12-01,Prince Edward Island,10.8
1980-01-01,Prince Edward Island,10.8
1980-02-01,Prince Edward Island,10.6
1980-03-01,Prince Edward Island,9.7
1980-04-01,Prince Edward Island,10.4
1980-05-01,Prince Edward Island,10.2
1980-06-01,Prince Edward Island,10.0
1980-07-01,Prince Edward Island,10.4
1980-08-01,Prince Edward Island,10.0
1980-09-01,Prince Edward Island,10.2
1980-10-01,Prince Edward Island,10.5
1980-11-01,Prince Edward Island,11.1
1980-12-01,Prince Edward Island,11.4
1981-01-01,Prince Edward Island,11.3
1981-02-01,Prince Edward Island,11.4
1981-03-01,Prince Edward Island,12.3
1981-04-01,Prince Edward Island,11.4
1981-05-01,Prince Edward Island,9.8
1981-06-01,Prince Edward Island,10.8
1981-07-01,Prince Edward Island,11.2
1981-08-01,Prince Edward Island,10.9
1981-09-01,Prince Edward Island,11.8
1981-10-01,Prince Edward Island,11.2
1981-11-01,Prince Edward Island,11.8
1981-12-01,Prince Edward Island,11.3
1982-01-01,Prince Edward Island,10.3
1982-02-01,Prince Edward Island,11.2
1982-03-01,Prince Edward Island,12.1
1982-04-01,Prince Edward Island,12.3
1982-05-01,Prince Edward Island,13.9
1982-06-01,Prince Edward Island,13.6
1982-07-01,Prince Edward Island,12.7
1982-08-01,Prince Edward Island,14.0
1982-09-01,Prince Edward Island,12.8
1982-10-01,Prince Edward Island,12.9
1982-11-01,Prince Edward Island,13.6
1982-12-01,Prince Edward Island,13.0
1983-01-01,Prince Edward Island,13.5
1983-02-01,Prince Edward Island,12.2
1983-03-01,Prince Edward Island,11.7
1983-04-01,Prince Edward Island,11.6
1983-05-01,Prince Edward Island,11.5
1983-06-01,Prince Edward Island,13.6
1983-07-01,Prince Edward Island,13.5
1983-08-01,Prince Edward Island,13.3
1983-09-01,Prince Edward Island,12.4
1983-10-01,Prince Edward Island,13.0
1983-11-01,Prince Edward Island,11.7
1983-12-01,Prince Edward Island,11.8
1984-01-01,Prince Edward Island,11.8
1984-02-01,Prince Edward Island,12.0
1984-03-01,Prince Edward Island,11.8
1984-04-01,Prince Edward Island,13.0
1984-05-01,Prince Edward Island,13.5
1984-06-01,Prince Edward Island,12.9
1984-07-01,Prince Edward Island,12.5
1984-08-01,Prince Edward Island,11.8
1984-09-01,Prince Edward Island,13.7
1984-10-01,Prince Edward Island,13.4
1984-11-01,Prince Edward Island,11.9
1984-12-01,Prince Edward Island,12.6
1985-01-01,Prince Edward Island,13.7
1985-02-01,Prince Edward Island,13.7
1985-03-01,Prince Edward Island,13.6
1985-04-01,Prince Edward Island,12.9
1985-05-01,Prince Edward Island,13.9
1985-06-01,Prince Edward Island,12.8
1985-07-01,Prince Edward Island,12.8
1985-08-01,Prince Edward Island,13.8
1985-09-01,Prince Edward Island,11.2
1985-10-01,Prince Edward Island,13.9
1985-11-01,Prince Edward Island,14.8
1985-12-01,Prince Edward Island,13.6
1986-01-01,Prince Edward Island,12.8
1986-02-01,Prince Edward Island,13.0
1986-03-01,Prince Edward Island,12.6
1986-04-01,Prince Edward Island,12.6
1986-05-01,Prince Edward Island,12.6
1986-06-01,Prince Edward Island,14.4
1986-07-01,Prince Edward Island,14.0
1986-08-01,Prince Edward Island,14.1
1986-09-01,Prince Edward Island,12.2
1986-10-01,Prince Edward Island,12.6
1986-11-01,Prince Edward Island,12.8
1986-12-01,Prince Edward Island,13.5
1987-01-01,Prince Edward Island,12.3
1987-02-01,Prince Edward Island,12.1
1987-03-01,Prince Edward Island,12.2
1987-04-01,Prince Edward Island,11.8
1987-05-01,Prince Edward Island,10.7
1987-06-01,Prince Edward Island,11.5
1987-07-01,Prince Edward Island,11.7
1987-08-01,Prince Edward Island,13.5
1987-09-01,Prince Edward Island,13.1
1987-10-01,Prince Edward Island,12.3
1987-11-01,Prince Edward Island,13.1
1987-12-01,Prince Edward Island,13.0
1988-01-01,Prince Edward Island,13.6
1988-02-01,Prince Edward Island,12.4
1988-03-01,Prince Edward Island,12.8
1988-04-01,Prince Edward Island,12.7
1988-05-01,Prince Edward Island,13.1
1988-06-01,Prince Edward Island,12.6
1988-07-01,Prince Edward Island,12.1
1988-08-01,Prince Edward Island,11.4
1988-09-01,Prince Edward Island,11.2
1988-10-01,Prince Edward Island,12.4
1988-11-01,Prince Edward Island,11.5
1988-12-01,Prince Edward Island,11.4
1989-01-01,Prince Edward Island,11.7
1989-02-01,Prince Edward Island,12.9
1989-03-01,Prince Edward Island,12.8
1989-04-01,Prince Edward Island,14.7
1989-05-01,Prince Edward Island,12.5
1989-06-01,Prince Edward Island,12.9
1989-07-01,Prince Edward Island,13.4
1989-08-01,Prince Edward Island,14.8
1989-09-01,Prince Edward Island,14.0
1989-10-01,Prince Edward Island,14.5
1989-11-01,Prince Edward Island,14.2
1989-12-01,Prince Edward Island,14.8
1990-01-01,Prince Edward Island,15.5
1990-02-01,Prince Edward Island,14.7
1990-03-01,Prince Edward Island,13.3
1990-04-01,Prince Edward Island,14.0
1990-05-01,Prince Edward Island,13.1
1990-06-01,Prince Edward Island,12.7
1990-07-01,Prince Edward Island,14.3
1990-08-01,Prince Edward Island,13.8
1990-09-01,Prince Edward Island,13.3
1990-10-01,Prince Edward Island,14.0
1990-11-01,Prince Edward Island,15.9
1990-12-01,Prince Edward Island,16.0
1991-01-01,Prince Edward Island,16.1
1991-02-01,Prince Edward Island,15.9
1991-03-01,Prince Edward Island,16.4
1991-04-01,Prince Edward Island,15.8
1991-05-01,Prince Edward Island,15.6
1991-06-01,Prince Edward Island,16.5
1991-07-01,Prince Edward Island,15.9
1991-08-01,Prince Edward Island,16.1
1991-09-01,Prince Edward Island,17.7
1991-10-01,Prince Edward Island,18.6
1991-11-01,Prince Edward Island,16.8
1991-12-01,Prince Edward Island,16.9
1992-01-01,Prince Edward Island,17.4
1992-02-01,Prince Edward Island,17.3
1992-03-01,Prince Edward Island,18.5
1992-04-01,Prince Edward Island,18.7
1992-05-01,Prince Edward Island,18.6
1992-06-01,Prince Edward Island,18.2
1992-07-01,Prince Edward Island,18.0
1992-08-01,Prince Edward Island,17.4
1992-09-01,Prince Edward Island,16.6
1992-10-01,Prince Edward Island,16.6
1992-11-01,Prince Edward Island,18.1
1992-12-01,Prince Edward Island,17.1
1993-01-01,Prince Edward Island,15.7
1993-02-01,Prince Edward Island,15.9
1993-03-01,Prince Edward Island,15.9
1993-04-01,Prince Edward Island,15.2
1993-05-01,Prince Edward Island,17.7
1993-06-01,Prince Edward Island,18.7
1993-07-01,Prince Edward Island,16.3
1993-08-01,Prince Edward Island,17.6
1993-09-01,Prince Edward Island,17.2
1993-10-01,Prince Edward Island,18.9
1993-11-01,Prince Edward Island,18.2
1993-12-01,Prince Edward Island,17.3
1994-01-01,Prince Edward Island,17.4
1994-02-01,Prince Edward Island,17.5
1994-03-01,Prince Edward Island,16.4
1994-04-01,Prince Edward Island,16.4
1994-05-01,Prince Edward Island,17.2
1994-06-01,Prince Edward Island,15.4
1994-07-01,Prince Edward Island,17.5
1994-08-01,Prince Edward Island,17.4
1994-09-01,Prince Edward Island,17.6
1994-10-01,Prince Edward Island,16.9
1994-11-01,Prince Edward Island,15.6
1994-12-01,Prince Edward Island,14.5
1995-01-01,Prince Edward Island,14.9
1995-02-01,Prince Edward Island,14.8
1995-03-01,Prince Edward Island,15.4
1995-04-01,Prince Edward Island,15.5
1995-05-01,Prince Edward Island,15.8
1995-06-01,Prince Edward Island,15.5
1995-07-01,Prince Edward Island,15.8
1995-08-01,Prince Edward Island,15.6
1995-09-01,Prince Edward Island,15.4
1995-10-01,Prince Edward Island,14.1
1995-11-01,Prince Edward Island,12.7
1995-12-01,Prince Edward Island,14.9
1996-01-01,Prince Edward Island,14.5
1996-02-01,Prince Edward Island,14.6
1996-03-01,Prince Edward Island,14.1
1996-04-01,Prince Edward Island,14.4
1996-05-01,Prince Edward Island,13.0
1996-06-01,Prince Edward Island,14.2
1996-07-01,Prince Edward Island,14.7
1996-08-01,Prince Edward Island,14.3
1996-09-01,Prince Edward Island,14.1
1996-10-01,Prince Edward Island,15.3
1996-11-01,Prince Edward Island,15.3
1996-12-01,Prince Edward Island,15.7
1997-01-01,Prince Edward Island,15.8
1997-02-01,Prince Edward Island,15.8
1997-03-01,Prince Edward Island,16.0
1997-04-01,Prince Edward Island,15.9
1997-05-01,Prince Edward Island,16.4
1997-06-01,Prince Edward Island,16.4
1997-07-01,Prince Edward Island,15.7
1997-08-01,Prince Edward Island,15.1
1997-09-01,Prince Edward Island,14.3
1997-10-01,Prince Edward Island,13.2
1997-11-01,Prince Edward Island,14.8
1997-12-01,Prince Edward Island,14.5
1998-01-01,Prince Edward Island,14.2
1998-02-01,Prince Edward Island,14.2
1998-03-01,Prince Edward Island,13.5
1998-04-01,Prince Edward Island,14.6
1998-05-01,Prince Edward Island,13.3
1998-06-01,Prince Edward Island,14.1
1998-07-01,Prince Edward Island,12.0
1998-08-01,Prince Edward Island,13.7
1998-09-01,Prince Edward Island,14.6
1998-10-01,Prince Edward Island,14.3
1998-11-01,Prince Edward Island,14.0
1998-12-01,Prince Edward Island,15.0
1999-01-01,Prince Edward Island,15.7
1999-02-01,Prince Edward Island,15.6
1999-03-01,Prince Edward Island,16.1
1999-04-01,Prince Edward Island,15.2
1999-05-01,Prince Edward Island,15.1
1999-06-01,Prince Edward Island,14.0
1999-07-01,Prince Edward Island,12.9
1999-08-01,Prince Edward Island,12.9
1999-09-01,Prince Edward Island,13.9
1999-10-01,Prince Edward Island,13.0
1999-11-01,Prince Edward Island,12.9
1999-12-01,Prince Edward Island,12.6
2000-01-01,Prince Edward Island,12.0
2000-02-01,Prince Edward Island,11.7
2000-03-01,Prince Edward Island,12.1
2000-04-01,Prince Edward Island,11.8
2000-05-01,Prince Edward Island,11.3
2000-06-01,Prince Edward Island,11.9
2000-07-01,Prince Edward Island,12.4
2000-08-01,Prince Edward Island,12.7
2000-09-01,Prince Edward Island,11.5
2000-10-01,Prince Edward Island,13.6
2000-11-01,Prince Edward Island,14.0
2000-12-01,Prince Edward Island,11.9
2001-01-01,Prince Edward Island,11.6
2001-02-01,Prince Edward Island,11.4
2001-03-01,Prince Edward Island,11.2
2001-04-01,Prince Edward Island,13.0
2001-05-01,Prince Edward Island,12.4
2001-06-01,Prince Edward Island,10.2
2001-07-01,Prince Edward Island,11.5
2001-08-01,Prince Edward Island,11.9
2001-09-01,Prince Edward Island,12.5
2001-10-01,Prince Edward Island,11.9
2001-11-01,Prince Edward Island,12.0
2001-12-01,Prince Edward Island,12.8
2002-01-01,Prince Edward Island,12.9
2002-02-01,Prince Edward Island,13.3
2002-03-01,Prince Edward Island,11.7
2002-04-01,Prince Edward Island,10.2
2002-05-01,Prince Edward Island,10.8
2002-06-01,Prince Edward Island,11.7
2002-07-01,Prince Edward Island,12.7
2002-08-01,Prince Edward Island,12.3
2002-09-01,Prince Edward Island,11.6
2002-10-01,Prince Edward Island,11.6
2002-11-01,Prince Edward Island,11.4
2002-12-01,Prince Edward Island,11.2
2003-01-01,Prince Edward Island,11.1
2003-02-01,Prince Edward Island,11.1
2003-03-01,Prince Edward Island,12.2
2003-04-01,Prince Edward Island,11.5
2003-05-01,Prince Edward Island,11.1
2003-06-01,Prince Edward Island,9.8
2003-07-01,Prince Edward Island,10.6
2003-08-01,Prince Edward Island,10.4
2003-09-01,Prince Edward Island,10.2
2003-10-01,Prince Edward Island,10.2
2003-11-01,Prince Edward Island,11.0
2003-12-01,Prince Edward Island,10.6
2004-01-01,Prince Edward Island,11.1
2004-02-01,Prince Edward Island,11.8
2004-03-01,Prince Edward Island,11.5
2004-04-01,Prince Edward Island,12.3
2004-05-01,Prince Edward Island,11.6
2004-06-01,Prince Edward Island,11.4
2004-07-01,Prince Edward Island,10.7
2004-08-01,Prince Edward Island,10.9
2004-09-01,Prince Edward Island,10.9
2004-10-01,Prince Edward Island,11.3
2004-11-01,Prince Edward Island,10.3
2004-12-01,Prince Edward Island,10.4
2005-01-01,Prince Edward Island,10.7
2005-02-01,Prince Edward Island,10.7
2005-03-01,Prince Edward Island,10.6
2005-04-01,Prince Edward Island,11.3
2005-05-01,Prince Edward Island,11.6
2005-06-01,Prince Edward Island,11.6
2005-07-01,Prince Edward Island,10.7
2005-08-01,Prince Edward Island,11.2
2005-09-01,Prince Edward Island,11.1
2005-10-01,Prince Edward Island,11.1
2005-11-01,Prince Edward Island,10.2
2005-12-01,Prince Edward Island,10.7
2006-01-01,Prince Edward Island,10.8
2006-02-01,Prince Edward Island,11.5
2006-03-01,Prince Edward Island,12.6
2006-04-01,Prince Edward Island,11.6
2006-05-01,Prince Edward Island,10.9
2006-06-01,Prince Edward Island,11.5
2006-07-01,Prince Edward Island,11.8
2006-08-01,Prince Edward Island,11.1
2006-09-01,Prince Edward Island,11.1
2006-10-01,Prince Edward Island,11.4
2006-11-01,Prince Edward Island,11.5
2006-12-01,Prince Edward Island,12.2
2007-01-01,Prince Edward Island,11.2
2007-02-01,Prince Edward Island,11.1
2007-03-01,Prince Edward Island,10.4
2007-04-01,Prince Edward Island,9.3
2007-05-01,Prince Edward Island,10.6
2007-06-01,Prince Edward Island,10.6
2007-07-01,Prince Edward Island,10.5
2007-08-01,Prince Edward Island,10.5
2007-09-01,Prince Edward Island,10.2
2007-10-01,Prince Edward Island,9.2
2007-11-01,Prince Edward Island,11.3
2007-12-01,Prince Edward Island,10.7
2008-01-01,Prince Edward Island,11.5
2008-02-01,Prince Edward Island,10.4
2008-03-01,Prince Edward Island,10.8
2008-04-01,Prince Edward Island,11.9
2008-05-01,Prince Edward Island,10.2
2008-06-01,Prince Edward Island,10.5
2008-07-01,Prince Edward Island,11.5
2008-08-01,Prince Edward Island,10.8
2008-09-01,Prince Edward Island,11.2
2008-10-01,Prince Edward Island,11.6
2008-11-01,Prince Edward Island,11.8
2008-12-01,Prince Edward Island,12.4
2009-01-01,Prince Edward Island,12.2
2009-02-01,Prince Edward Island,13.0
2009-03-01,Prince Edward Island,12.4
2009-04-01,Prince Edward Island,13.4
2009-05-01,Prince Edward Island,13.0
2009-06-01,Prince Edward Island,12.4
2009-07-01,Prince Edward Island,12.3
2009-08-01,Prince Edward Island,12.7
2009-09-01,Prince Edward Island,10.8
2009-10-01,Prince Edward Island,10.8
2009-11-01,Prince Edward Island,10.1
2009-12-01,Prince Edward Island,10.3
2010-01-01,Prince Edward Island,10.1
2010-02-01,Prince Edward Island,10.4
2010-03-01,Prince Edward Island,11.1
2010-04-01,Prince Edward Island,10.0
2010-05-01,Prince Edward Island,10.7
2010-06-01,Prince Edward Island,12.3
2010-07-01,Prince Edward Island,11.3
2010-08-01,Prince Edward Island,11.4
2010-09-01,Prince Edward Island,13.2
2010-10-01,Prince Edward Island,12.9
2010-11-01,Prince Edward Island,13.0
2010-12-01,Prince Edward Island,12.4
2011-01-01,Prince Edward Island,11.0
2011-02-01,Prince Edward Island,11.8
2011-03-01,Prince Edward Island,11.1
2011-04-01,Prince Edward Island,11.1
2011-05-01,Prince Edward Island,12.0
2011-06-01,Prince Edward Island,11.0
2011-07-01,Prince Edward Island,11.4
2011-08-01,Prince Edward Island,11.5
2011-09-01,Prince Edward Island,11.8
2011-10-01,Prince Edward Island,12.0
2011-11-01,Prince Edward Island,10.6
2011-12-01,Prince Edward Island,11.2
2012-01-01,Prince Edward Island,12.1
2012-02-01,Prince Edward Island,10.6
2012-03-01,Prince Edward Island,10.3
2012-04-01,Prince Edward Island,11.2
2012-05-01,Prince Edward Island,11.5
2012-06-01,Prince Edward Island,12.4
2012-07-01,Prince Edward Island,10.6
2012-08-01,Prince Edward Island,12.0
2012-09-01,Prince Edward Island,11.5
2012-10-01,Prince Edward Island,11.8
2012-11-01,Prince Edward Island,11.4
2012-12-01,Prince Edward Island,10.8
2013-01-01,Prince Edward Island,11.9
2013-02-01,Prince Edward Island,12.0
2013-03-01,Prince Edward Island,11.6
2013-04-01,Prince Edward Island,11.1
2013-05-01,Prince Edward Island,11.1
2013-06-01,Prince Edward Island,10.4
2013-07-01,Prince Edward Island,11.6
2013-08-01,Prince Edward Island,10.3
2013-09-01,Prince Edward Island,11.2
2013-10-01,Prince Edward Island,11.3
2013-11-01,Prince Edward Island,11.9
2013-12-01,Prince Edward Island,11.4
2014-01-01,Prince Edward Island,10.9
2014-02-01,Prince Edward Island,11.7
2014-03-01,Prince Edward Island,11.4
2014-04-01,Prince Edward Island,10.8
2014-05-01,Prince Edward Island,11.3
2014-06-01,Prince Edward Island,10.2
2014-07-01,Prince Edward Island,9.2
2014-08-01,Prince Edward Island,10.0
2014-09-01,Prince Edward Island,10.1
2014-10-01,Prince Edward Island,9.2
2014-11-01,Prince Edward Island,10.5
2014-12-01,Prince Edward Island,11.6
2015-01-01,Prince Edward Island,10.8
2015-02-01,Prince Edward Island,9.9
2015-03-01,Prince Edward Island,11.1
2015-04-01,Prince Edward Island,10.9
2015-05-01,Prince Edward Island,11.0
2015-06-01,Prince Edward Island,11.3
2015-07-01,Prince Edward Island,11.5
2015-08-01,Prince Edward Island,11.3
2015-09-01,Prince Edward Island,9.9
2015-10-01,Prince Edward Island,10.0
2015-11-01,Prince Edward Island,10.9
2015-12-01,Prince Edward Island,10.0
2016-01-01,Prince Edward Island,10.1
2016-02-01,Prince Edward Island,10.6
2016-03-01,Prince Edward Island,10.2
2016-04-01,Prince Edward Island,10.7
2016-05-01,Prince Edward Island,10.7
2016-06-01,Prince Edward Island,10.9
2016-07-01,Prince Edward Island,9.6
2016-08-01,Prince Edward Island,12.3
2016-09-01,Prince Edward Island,11.7
2016-10-01,Prince Edward Island,12.3
2016-11-01,Prince Edward Island,11.3
2016-12-01,Prince Edward Island,10.8
2017-01-01,Prince Edward Island,9.5
2017-02-01,Prince Edward Island,10.4
2017-03-01,Prince Edward Island,10.1
2017-04-01,Prince Edward Island,10.1
2017-05-01,Prince Edward Island,10.4
2017-06-01,Prince Edward Island,10.2
2017-07-01,Prince Edward Island,10.1
2017-08-01,Prince Edward Island,9.2
2017-09-01,Prince Edward Island,10.7
2017-10-01,Prince Edward Island,11.4
2017-11-01,Prince Edward Island,9.6
2017-12-01,Prince Edward Island,10.2
2018-01-01,Prince Edward Island,11.0
2018-02-01,Prince Edward Island,10.1
2018-03-01,Prince Edward Island,10.6
2018-04-01,Prince Edward Island,11.8
2018-05-01,Prince Edward Island,9.5
2018-06-01,Prince Edward Island,9.0
2018-07-01,Prince Edward Island,9.9
2018-08-01,Prince Edward Island,9.6
2018-09-01,Prince Edward Island,9.2
2018-10-01,Prince Edward Island,9.1
2018-11-01,Prince Edward Island,9.7
2018-12-01,Prince Edward Island,10.3
2019-01-01,Prince Edward Island,10.1
2019-02-01,Prince Edward Island,9.9
2019-03-01,Prince Edward Island,9.4
2019-04-01,Prince Edward Island,9.2
2019-05-01,Prince Edward Island,8.7
2019-06-01,Prince Edward Island,9.3
2019-07-01,Prince Edward Island,8.8
2019-08-01,Prince Edward Island,9.0
2019-09-01,Prince Edward Island,8.4
2019-10-01,Prince Edward Island,7.9
2019-11-01,Prince Edward Island,7.6
2019-12-01,Prince Edward Island,7.6
2020-01-01,Prince Edward Island,7.3
2020-02-01,Prince Edward Island,8.2
2020-03-01,Prince Edward Island,9.4
2020-04-01,Prince Edward Island,11.5
2020-05-01,Prince Edward Island,14.2
2020-06-01,Prince Edward Island,14.8
2020-07-01,Prince Edward Island,11.6
2020-08-01,Prince Edward Island,10.0
2020-09-01,Prince Edward Island,10.6
2020-10-01,Prince Edward Island,10.5
2020-11-01,Prince Edward Island,10.9
2020-12-01,Prince Edward Island,10.6
2021-01-01,Prince Edward Island,8.4
2021-02-01,Prince Edward Island,9.9
2021-03-01,Prince Edward Island,8.8
2021-04-01,Prince Edward Island,9.7
2021-05-01,Prince Edward Island,10.5
2021-06-01,Prince Edward Island,12.4
2021-07-01,Prince Edward Island,10.8
2021-08-01,Prince Edward Island,10.8
2021-09-01,Prince Edward Island,11.5
2021-10-01,Prince Edward Island,9.6
2021-11-01,Prince Edward Island,8.9
2021-12-01,Prince Edward Island,8.5
2022-01-01,Prince Edward Island,9.6
2022-02-01,Prince Edward Island,9.6
2022-03-01,Prince Edward Island,8.8
2022-04-01,Prince Edward Island,8.3
2022-05-01,Prince Edward Island,7.9
2022-06-01,Prince Edward Island,5.9
2022-07-01,Prince Edward Island,6.2
2022-08-01,Prince Edward Island,7.5
2022-09-01,Prince Edward Island,8.8
2022-10-01,Prince Edward Island,6.6
2022-11-01,Prince Edward Island,7.0
2022-12-01,Prince Edward Island,5.7
2023-01-01,Prince Edward Island,7.5
2023-02-01,Prince Edward Island,7.0
2023-03-01,Prince Edward Island,6.9
2023-04-01,Prince Edward Island,7.6
2023-05-01,Prince Edward Island,7.2
2023-06-01,Prince Edward Island,8.1
2023-07-01,Prince Edward Island,7.6
2023-08-01,Prince Edward Island,7.7
2023-09-01,Prince Edward Island,6.6
2023-10-01,Prince Edward Island,6.2
2023-11-01,Prince Edward Island,7.6
2023-12-01,Prince Edward Island,7.8
2024-01-01,Prince Edward Island,7.3
2024-02-01,Prince Edward Island,7.0
2024-03-01,Prince Edward Island,7.7
2024-04-01,Prince Edward Island,7.5
2024-05-01,Prince Edward Island,7.4
2024-06-01,Prince Edward Island,8.1
2024-07-01,Prince Edward Island,8.5
2024-08-01,Prince Edward Island,8.0
2024-09-01,Prince Edward Island,6.5
2024-10-01,Prince Edward Island,9.2
2024-11-01,Prince Edward Island,8.0
2024-12-01,Prince Edward Island,8.3
2025-01-01,Prince Edward Island,7.3
2025-02-01,Prince Edward Island,7.9
2025-03-01,Prince Edward Island,7.7
2025-04-01,Prince Edward Island,7.0
2025-05-01,Prince Edward Island,8.5
2025-06-01,Prince Edward Island,8.5
2025-07-01,Prince Edward Island,8.6
2025-08-01,Prince Edward Island,8.0
2025-09-01,Prince Edward Island,9.5
2025-10-01,Prince Edward Island,8.2
2025-11-01,Prince Edward Island,7.6
2025-12-01,Prince Edward Island,7.1
2026-01-01,Prince Edward Island,7.6
2026-02-01,Prince Edward Island,7.2
1976-01-01,Quebec,8.1
1976-02-01,Quebec,8.7
1976-03-01,Quebec,7.8
1976-04-01,Quebec,8.4
1976-05-01,Quebec,8.2
1976-06-01,Quebec,8.4
1976-07-01,Quebec,8.9
1976-08-01,Quebec,8.8
1976-09-01,Quebec,9.0
1976-10-01,Quebec,9.4
1976-11-01,Quebec,9.5
1976-12-01,Quebec,9.3
1977-01-01,Quebec,9.3
1977-02-01,Quebec,9.9
1977-03-01,Quebec,9.7
1977-04-01,Quebec,9.8
1977-05-01,Quebec,9.9
1977-06-01,Quebec,10.0
1977-07-01,Quebec,10.8
1977-08-01,Quebec,10.5
1977-09-01,Quebec,10.9
1977-10-01,Quebec,11.3
1977-11-01,Quebec,11.3
1977-12-01,Quebec,11.1
1978-01-01,Quebec,11.1
1978-02-01,Quebec,11.0
1978-03-01,Quebec,11.3
1978-04-01,Quebec,11.3
1978-05-01,Quebec,11.5
1978-06-01,Quebec,11.4
1978-07-01,Quebec,10.8
1978-08-01,Quebec,11.2
1978-09-01,Quebec,10.8
1978-10-01,Quebec,10.4
1978-11-01,Quebec,10.5
1978-12-01,Quebec,10.3
1979-01-01,Quebec,10.9
1979-02-01,Quebec,10.5
1979-03-01,Quebec,10.5
1979-04-01,Quebec,10.2
1979-05-01,Quebec,9.7
1979-06-01,Quebec,9.5
1979-07-01,Quebec,9.3
1979-08-01,Quebec,8.7
1979-09-01,Quebec,9.0
1979-10-01,Quebec,9.5
1979-11-01,Quebec,9.3
1979-12-01,Quebec,9.7
1980-01-01,Quebec,9.5
1980-02-01,Quebec,10.2
1980-03-01,Quebec,9.8
1980-04-01,Quebec,10.0
1980-05-01,Quebec,9.9
1980-06-01,Quebec,10.3
1980-07-01,Quebec,10.2
1980-08-01,Quebec,10.2
1980-09-01,Quebec,10.0
1980-10-01,Quebec,10.0
1980-11-01,Quebec,10.2
1980-12-01,Quebec,10.0
1981-01-01,Quebec,10.4
1981-02-01,Quebec,10.2
1981-03-01,Quebec,10.3
1981-04-01,Quebec,9.7
1981-05-01,Quebec,10.3
1981-06-01,Quebec,10.1
1981-07-01,Quebec,10.0
1981-08-01,Quebec,9.8
1981-09-01,Quebec,11.2
1981-10-01,Quebec,11.6
1981-11-01,Quebec,11.4
1981-12-01,Quebec,12.0
1982-01-01,Quebec,11.4
1982-02-01,Quebec,11.9
1982-03-01,Quebec,12.5
1982-04-01,Quebec,13.0
1982-05-01,Quebec,13.9
1982-06-01,Quebec,14.4
1982-07-01,Quebec,15.2
1982-08-01,Quebec,15.6
1982-09-01,Quebec,15.4
1982-10-01,Quebec,15.8
1982-11-01,Quebec,15.0
1982-12-01,Quebec,15.3
1983-01-01,Quebec,14.8
1983-02-01,Quebec,14.9
1983-03-01,Quebec,14.6
1983-04-01,Quebec,14.5
1983-05-01,Quebec,14.3
1983-06-01,Quebec,14.6
1983-07-01,Quebec,14.1
1983-08-01,Quebec,14.0
1983-09-01,Quebec,13.5
1983-10-01,Quebec,13.4
1983-11-01,Quebec,13.3
1983-12-01,Quebec,13.4
1984-01-01,Quebec,13.4
1984-02-01,Quebec,13.4
1984-03-01,Quebec,12.9
1984-04-01,Quebec,13.5
1984-05-01,Quebec,13.5
1984-06-01,Quebec,13.3
1984-07-01,Quebec,12.8
1984-08-01,Quebec,12.7
1984-09-01,Quebec,13.4
1984-10-01,Quebec,13.1
1984-11-01,Quebec,13.1
1984-12-01,Quebec,12.5
1985-01-01,Quebec,11.9
1985-02-01,Quebec,11.9
1985-03-01,Quebec,12.5
1985-04-01,Quebec,12.2
1985-05-01,Quebec,12.3
1985-06-01,Quebec,12.5
1985-07-01,Quebec,12.0
1985-08-01,Quebec,11.7
1985-09-01,Quebec,12.2
1985-10-01,Quebec,12.5
1985-11-01,Quebec,12.4
1985-12-01,Quebec,12.2
1986-01-01,Quebec,11.9
1986-02-01,Quebec,12.0
1986-03-01,Quebec,11.8
1986-04-01,Quebec,11.4
1986-05-01,Quebec,10.6
1986-06-01,Quebec,10.8
1986-07-01,Quebec,10.8
1986-08-01,Quebec,11.0
1986-09-01,Quebec,10.7
1986-10-01,Quebec,10.4
1986-11-01,Quebec,10.5
1986-12-01,Quebec,10.5
1987-01-01,Quebec,10.7
1987-02-01,Quebec,11.0
1987-03-01,Quebec,10.6
1987-04-01,Quebec,10.3
1987-05-01,Quebec,10.1
1987-06-01,Quebec,10.2
1987-07-01,Quebec,10.4
1987-08-01,Quebec,10.0
1987-09-01,Quebec,9.8
1987-10-01,Quebec,9.5
1987-11-01,Quebec,9.5
1987-12-01,Quebec,9.9
1988-01-01,Quebec,9.1
1988-02-01,Quebec,9.0
1988-03-01,Quebec,9.3
1988-04-01,Quebec,9.4
1988-05-01,Quebec,9.6
1988-06-01,Quebec,9.2
1988-07-01,Quebec,9.9
1988-08-01,Quebec,10.1
1988-09-01,Quebec,9.6
1988-10-01,Quebec,9.8
1988-11-01,Quebec,9.6
1988-12-01,Quebec,9.2
1989-01-01,Quebec,9.5
1989-02-01,Quebec,9.2
1989-03-01,Quebec,9.4
1989-04-01,Quebec,9.7
1989-05-01,Quebec,10.0
1989-06-01,Quebec,10.0
1989-07-01,Quebec,9.7
1989-08-01,Quebec,9.3
1989-09-01,Quebec,9.4
1989-10-01,Quebec,9.3
1989-11-01,Quebec,9.4
1989-12-01,Quebec,9.7
1990-01-01,Quebec,10.4
1990-02-01,Quebec,10.3
1990-03-01,Quebec,9.5
1990-04-01,Quebec,10.0
1990-05-01,Quebec,10.1
1990-06-01,Quebec,9.5
1990-07-01,Quebec,9.8
1990-08-01,Quebec,10.5
1990-09-01,Quebec,11.0
1990-10-01,Quebec,11.3
1990-11-01,Quebec,11.4
1990-12-01,Quebec,11.8
1991-01-01,Quebec,12.1
1991-02-01,Quebec,12.0
1991-03-01,Quebec,12.2
1991-04-01,Quebec,12.1
1991-05-01,Quebec,11.9
1991-06-01,Quebec,12.1
1991-07-01,Quebec,12.6
1991-08-01,Quebec,12.4
1991-09-01,Quebec,12.6
1991-10-01,Quebec,11.8
1991-11-01,Quebec,12.1
1991-12-01,Quebec,11.9
1992-01-01,Quebec,11.9
1992-02-01,Quebec,12.0
1992-03-01,Quebec,12.4
1992-04-01,Quebec,12.0
1992-05-01,Quebec,12.5
1992-06-01,Quebec,12.8
1992-07-01,Quebec,13.1
1992-08-01,Quebec,13.3
1992-09-01,Quebec,12.9
1992-10-01,Quebec,12.5
1992-11-01,Quebec,14.3
1992-12-01,Quebec,13.5
1993-01-01,Quebec,13.3
1993-02-01,Quebec,13.0
1993-03-01,Quebec,13.2
1993-04-01,Quebec,13.6
1993-05-01,Quebec,13.8
1993-06-01,Quebec,13.8
1993-07-01,Quebec,13.4
1993-08-01,Quebec,12.8
1993-09-01,Quebec,13.0
1993-10-01,Quebec,13.3
1993-11-01,Quebec,13.1
1993-12-01,Quebec,12.6
1994-01-01,Quebec,13.2
1994-02-01,Quebec,12.8
1994-03-01,Quebec,11.9
1994-04-01,Quebec,12.7
1994-05-01,Quebec,12.5
1994-06-01,Quebec,12.2
1994-07-01,Quebec,11.7
1994-08-01,Quebec,12.4
1994-09-01,Quebec,12.3
1994-10-01,Quebec,11.8
1994-11-01,Quebec,11.7
1994-12-01,Quebec,12.1
1995-01-01,Quebec,11.9
1995-02-01,Quebec,11.7
1995-03-01,Quebec,12.4
1995-04-01,Quebec,11.6
1995-05-01,Quebec,11.2
1995-06-01,Quebec,11.3
1995-07-01,Quebec,11.0
1995-08-01,Quebec,11.0
1995-09-01,Quebec,11.0
1995-10-01,Quebec,11.1
1995-11-01,Quebec,11.1
1995-12-01,Quebec,11.2
1996-01-01,Quebec,11.1
1996-02-01,Quebec,11.6
1996-03-01,Quebec,11.6
1996-04-01,Quebec,11.3
1996-05-01,Quebec,10.7
1996-06-01,Quebec,11.5
1996-07-01,Quebec,12.4
1996-08-01,Quebec,11.8
1996-09-01,Quebec,12.5
1996-10-01,Quebec,12.6
1996-11-01,Quebec,12.5
1996-12-01,Quebec,12.4
1997-01-01,Quebec,11.9
1997-02-01,Quebec,11.8
1997-03-01,Quebec,11.4
1997-04-01,Quebec,11.4
1997-05-01,Quebec,11.9
1997-06-01,Quebec,11.4
1997-07-01,Quebec,11.3
1997-08-01,Quebec,11.4
1997-09-01,Quebec,11.4
1997-10-01,Quebec,11.4
1997-11-01,Quebec,11.1
1997-12-01,Quebec,10.7
1998-01-01,Quebec,11.3
1998-02-01,Quebec,10.7
1998-03-01,Quebec,10.2
1998-04-01,Quebec,10.2
1998-05-01,Quebec,10.4
1998-06-01,Quebec,10.4
1998-07-01,Quebec,10.5
1998-08-01,Quebec,10.1
1998-09-01,Quebec,10.2
1998-10-01,Quebec,9.8
1998-11-01,Quebec,10.0
1998-12-01,Quebec,10.3
1999-01-01,Quebec,9.9
1999-02-01,Quebec,9.8
1999-03-01,Quebec,9.7
1999-04-01,Quebec,9.9
1999-05-01,Quebec,9.6
1999-06-01,Quebec,9.4
1999-07-01,Quebec,9.3
1999-08-01,Quebec,9.6
1999-09-01,Quebec,9.2
1999-10-01,Quebec,9.2
1999-11-01,Quebec,8.4
1999-12-01,Quebec,8.1
2000-01-01,Quebec,8.2
2000-02-01,Quebec,8.5
2000-03-01,Quebec,8.5
2000-04-01,Quebec,8.6
2000-05-01,Quebec,8.3
2000-06-01,Quebec,8.5
2000-07-01,Quebec,8.8
2000-08-01,Quebec,8.5
2000-09-01,Quebec,8.5
2000-10-01,Quebec,8.8
2000-11-01,Quebec,8.4
2000-12-01,Quebec,7.8
2001-01-01,Quebec,8.5
2001-02-01,Quebec,8.4
2001-03-01,Quebec,8.7
2001-04-01,Quebec,8.7
2001-05-01,Quebec,9.0
2001-06-01,Quebec,9.0
2001-07-01,Quebec,8.3
2001-08-01,Quebec,8.4
2001-09-01,Quebec,8.5
2001-10-01,Quebec,8.5
2001-11-01,Quebec,8.6
2001-12-01,Quebec,9.5
2002-01-01,Quebec,9.3
2002-02-01,Quebec,9.3
2002-03-01,Quebec,9.0
2002-04-01,Quebec,8.9
2002-05-01,Quebec,8.5
2002-06-01,Quebec,8.4
2002-07-01,Quebec,8.9
2002-08-01,Quebec,8.5
2002-09-01,Quebec,8.5
2002-10-01,Quebec,8.3
2002-11-01,Quebec,8.7
2002-12-01,Quebec,8.5
2003-01-01,Quebec,8.5
2003-02-01,Quebec,8.6
2003-03-01,Quebec,9.0
2003-04-01,Quebec,9.3
2003-05-01,Quebec,9.5
2003-06-01,Quebec,9.2
2003-07-01,Quebec,9.2
2003-08-01,Quebec,9.8
2003-09-01,Quebec,9.3
2003-10-01,Quebec,9.3
2003-11-01,Quebec,9.0
2003-12-01,Quebec,9.2
2004-01-01,Quebec,9.0
2004-02-01,Quebec,9.0
2004-03-01,Quebec,8.5
2004-04-01,Quebec,8.4
2004-05-01,Quebec,8.0
2004-06-01,Quebec,8.5
2004-07-01,Quebec,8.4
2004-08-01,Quebec,8.0
2004-09-01,Quebec,8.3
2004-10-01,Quebec,8.5
2004-11-01,Quebec,8.8
2004-12-01,Quebec,8.7
2005-01-01,Quebec,8.2
2005-02-01,Quebec,8.1
2005-03-01,Quebec,8.1
2005-04-01,Quebec,7.8
2005-05-01,Quebec,8.6
2005-06-01,Quebec,8.1
2005-07-01,Quebec,8.2
2005-08-01,Quebec,8.3
2005-09-01,Quebec,8.3
2005-10-01,Quebec,8.4
2005-11-01,Quebec,7.9
2005-12-01,Quebec,8.3
2006-01-01,Quebec,8.9
2006-02-01,Quebec,8.5
2006-03-01,Quebec,8.6
2006-04-01,Quebec,8.3
2006-05-01,Quebec,7.9
2006-06-01,Quebec,8.2
2006-07-01,Quebec,8.0
2006-08-01,Quebec,7.9
2006-09-01,Quebec,8.1
2006-10-01,Quebec,7.9
2006-11-01,Quebec,8.4
2006-12-01,Quebec,8.0
2007-01-01,Quebec,7.8
2007-02-01,Quebec,7.9
2007-03-01,Quebec,7.7
2007-04-01,Quebec,7.5
2007-05-01,Quebec,7.4
2007-06-01,Quebec,7.2
2007-07-01,Quebec,7.1
2007-08-01,Quebec,7.2
2007-09-01,Quebec,7.2
2007-10-01,Quebec,7.4
2007-11-01,Quebec,7.3
2007-12-01,Quebec,7.3
2008-01-01,Quebec,7.2
2008-02-01,Quebec,7.1
2008-03-01,Quebec,7.3
2008-04-01,Quebec,7.7
2008-05-01,Quebec,7.6
2008-06-01,Quebec,7.5
2008-07-01,Quebec,7.3
2008-08-01,Quebec,7.4
2008-09-01,Quebec,7.5
2008-10-01,Quebec,7.4
2008-11-01,Quebec,7.8
2008-12-01,Quebec,7.8
2009-01-01,Quebec,8.3
2009-02-01,Quebec,8.7
2009-03-01,Quebec,8.9
2009-04-01,Quebec,8.9
2009-05-01,Quebec,8.7
2009-06-01,Quebec,8.9
2009-07-01,Quebec,9.2
2009-08-01,Quebec,9.1
2009-09-01,Quebec,9.1
2009-10-01,Quebec,8.6
2009-11-01,Quebec,8.5
2009-12-01,Quebec,8.8
2010-01-01,Quebec,8.3
2010-02-01,Quebec,8.4
2010-03-01,Quebec,8.3
2010-04-01,Quebec,8.1
2010-05-01,Quebec,8.3
2010-06-01,Quebec,8.1
2010-07-01,Quebec,8.5
2010-08-01,Quebec,8.4
2010-09-01,Quebec,8.1
2010-10-01,Quebec,8.3
2010-11-01,Quebec,8.1
2010-12-01,Quebec,7.6
2011-01-01,Quebec,7.8
2011-02-01,Quebec,7.8
2011-03-01,Quebec,7.9
2011-04-01,Quebec,7.9
2011-05-01,Quebec,7.8
2011-06-01,Quebec,8.1
2011-07-01,Quebec,7.5
2011-08-01,Quebec,7.9
2011-09-01,Quebec,7.8
2011-10-01,Quebec,8.2
2011-11-01,Quebec,8.4
2011-12-01,Quebec,8.9
2012-01-01,Quebec,8.7
2012-02-01,Quebec,8.6
2012-03-01,Quebec,7.9
2012-04-01,Quebec,8.1
2012-05-01,Quebec,8.1
2012-06-01,Quebec,7.7
2012-07-01,Quebec,7.3
2012-08-01,Quebec,7.6
2012-09-01,Quebec,7.7
2012-10-01,Quebec,7.4
2012-11-01,Quebec,7.8
2012-12-01,Quebec,7.5
2013-01-01,Quebec,7.4
2013-02-01,Quebec,7.4
2013-03-01,Quebec,8.0
2013-04-01,Quebec,8.0
2013-05-01,Quebec,7.6
2013-06-01,Quebec,7.8
2013-07-01,Quebec,8.3
2013-08-01,Quebec,8.0
2013-09-01,Quebec,7.9
2013-10-01,Quebec,7.9
2013-11-01,Quebec,7.7
2013-12-01,Quebec,8.2
2014-01-01,Quebec,8.2
2014-02-01,Quebec,8.1
2014-03-01,Quebec,7.9
2014-04-01,Quebec,7.9
2014-05-01,Quebec,8.1
2014-06-01,Quebec,8.1
2014-07-01,Quebec,8.0
2014-08-01,Quebec,7.5
2014-09-01,Quebec,8.0
2014-10-01,Quebec,7.8
2014-11-01,Quebec,7.8
2014-12-01,Quebec,7.5
2015-01-01,Quebec,7.6
2015-02-01,Quebec,7.6
2015-03-01,Quebec,7.8
2015-04-01,Quebec,7.6
2015-05-01,Quebec,7.9
2015-06-01,Quebec,8.1
2015-07-01,Quebec,7.7
2015-08-01,Quebec,7.9
2015-09-01,Quebec,7.6
2015-10-01,Quebec,7.6
2015-11-01,Quebec,7.7
2015-12-01,Quebec,7.8
2016-01-01,Quebec,7.8
2016-02-01,Quebec,7.8
2016-03-01,Quebec,7.9
2016-04-01,Quebec,8.0
2016-05-01,Quebec,7.4
2016-06-01,Quebec,7.2
2016-07-01,Quebec,7.2
2016-08-01,Quebec,6.9
2016-09-01,Quebec,6.8
2016-10-01,Quebec,6.6
2016-11-01,Quebec,6.2
2016-12-01,Quebec,6.6
2017-01-01,Quebec,6.5
2017-02-01,Quebec,6.4
2017-03-01,Quebec,6.0
2017-04-01,Quebec,6.3
2017-05-01,Quebec,6.1
2017-06-01,Quebec,6.2
2017-07-01,Quebec,5.9
2017-08-01,Quebec,6.2
2017-09-01,Quebec,5.9
2017-10-01,Quebec,6.1
2017-11-01,Quebec,5.5
2017-12-01,Quebec,5.3
2018-01-01,Quebec,5.3
2018-02-01,Quebec,5.9
2018-03-01,Quebec,5.5
2018-04-01,Quebec,5.4
2018-05-01,Quebec,5.3
2018-06-01,Quebec,5.4
2018-07-01,Quebec,5.6
2018-08-01,Quebec,5.8
2018-09-01,Quebec,5.4
2018-10-01,Quebec,5.0
2018-11-01,Quebec,5.2
2018-12-01,Quebec,5.2
2019-01-01,Quebec,5.2
2019-02-01,Quebec,5.2
2019-03-01,Quebec,5.3
2019-04-01,Quebec,4.8
2019-05-01,Quebec,5.0
2019-06-01,Quebec,4.9
2019-07-01,Quebec,4.8
2019-08-01,Quebec,4.6
2019-09-01,Quebec,5.1
2019-10-01,Quebec,5.1
2019-11-01,Quebec,5.5
2019-12-01,Quebec,5.0
2020-01-01,Quebec,4.8
2020-02-01,Quebec,4.5
2020-03-01,Quebec,8.6
2020-04-01,Quebec,18.2
2020-05-01,Quebec,14.2
2020-06-01,Quebec,11.0
2020-07-01,Quebec,9.4
2020-08-01,Quebec,8.4
2020-09-01,Quebec,7.2
2020-10-01,Quebec,7.6
2020-11-01,Quebec,7.2
2020-12-01,Quebec,6.8
2021-01-01,Quebec,8.2
2021-02-01,Quebec,6.6
2021-03-01,Quebec,6.7
2021-04-01,Quebec,6.7
2021-05-01,Quebec,6.6
2021-06-01,Quebec,6.2
2021-07-01,Quebec,6.2
2021-08-01,Quebec,5.7
2021-09-01,Quebec,5.9
2021-10-01,Quebec,5.3
2021-11-01,Quebec,4.5
2021-12-01,Quebec,4.6
2022-01-01,Quebec,5.0
2022-02-01,Quebec,4.4
2022-03-01,Quebec,4.2
2022-04-01,Quebec,4.4
2022-05-01,Quebec,4.4
2022-06-01,Quebec,4.3
2022-07-01,Quebec,4.1
2022-08-01,Quebec,4.3
2022-09-01,Quebec,4.4
2022-10-01,Quebec,4.0
2022-11-01,Quebec,3.8
2022-12-01,Quebec,4.1
2023-01-01,Quebec,4.3
2023-02-01,Quebec,4.3
2023-03-01,Quebec,4.2
2023-04-01,Quebec,4.2
2023-05-01,Quebec,4.1
2023-06-01,Quebec,4.2
2023-07-01,Quebec,4.4
2023-08-01,Quebec,4.3
2023-09-01,Quebec,4.5
2023-10-01,Quebec,4.9
2023-11-01,Quebec,5.1
2023-12-01,Quebec,4.8
2024-01-01,Quebec,4.7
2024-02-01,Quebec,4.9
2024-03-01,Quebec,4.9
2024-04-01,Quebec,5.1
2024-05-01,Quebec,5.2
2024-06-01,Quebec,5.6
2024-07-01,Quebec,5.6
2024-08-01,Quebec,5.5
2024-09-01,Quebec,5.4
2024-10-01,Quebec,5.7
2024-11-01,Quebec,5.9
2024-12-01,Quebec,5.5
2025-01-01,Quebec,5.5
2025-02-01,Quebec,5.4
2025-03-01,Quebec,5.8
2025-04-01,Quebec,6.0
2025-05-01,Quebec,5.8
2025-06-01,Quebec,6.2
2025-07-01,Quebec,5.5
2025-08-01,Quebec,5.9
2025-09-01,Quebec,5.7
2025-10-01,Quebec,5.3
2025-11-01,Quebec,5.1
2025-12-01,Quebec,5.3
2026-01-01,Quebec,5.2
2026-02-01,Quebec,5.9
1976-01-01,Saskatchewan,3.8
1976-02-01,Saskatchewan,4.1
1976-03-01,Saskatchewan,3.6
1976-04-01,Saskatchewan,3.5
1976-05-01,Saskatchewan,3.5
1976-06-01,Saskatchewan,4.0
1976-07-01,Saskatchewan,4.4
1976-08-01,Saskatchewan,4.8
1976-09-01,Saskatchewan,3.5
1976-10-01,Saskatchewan,3.9
1976-11-01,Saskatchewan,3.6
1976-12-01,Saskatchewan,3.5
1977-01-01,Saskatchewan,3.5
1977-02-01,Saskatchewan,3.9
1977-03-01,Saskatchewan,4.2
1977-04-01,Saskatchewan,4.4
1977-05-01,Saskatchewan,4.4
1977-06-01,Saskatchewan,4.3
1977-07-01,Saskatchewan,4.9
1977-08-01,Saskatchewan,4.5
1977-09-01,Saskatchewan,4.4
1977-10-01,Saskatchewan,4.4
1977-11-01,Saskatchewan,4.7
1977-12-01,Saskatchewan,5.0
1978-01-01,Saskatchewan,4.8
1978-02-01,Saskatchewan,4.9
1978-03-01,Saskatchewan,5.3
1978-04-01,Saskatchewan,4.8
1978-05-01,Saskatchewan,5.1
1978-06-01,Saskatchewan,4.9
1978-07-01,Saskatchewan,4.7
1978-08-01,Saskatchewan,4.8
1978-09-01,Saskatchewan,4.6
1978-10-01,Saskatchewan,4.5
1978-11-01,Saskatchewan,4.6
1978-12-01,Saskatchewan,4.6
1979-01-01,Saskatchewan,4.7
1979-02-01,Saskatchewan,4.6
1979-03-01,Saskatchewan,4.4
1979-04-01,Saskatchewan,4.7
1979-05-01,Saskatchewan,4.6
1979-06-01,Saskatchewan,4.0
1979-07-01,Saskatchewan,3.5
1979-08-01,Saskatchewan,3.6
1979-09-01,Saskatchewan,3.7
1979-10-01,Saskatchewan,3.8
1979-11-01,Saskatchewan,3.8
1979-12-01,Saskatchewan,4.2
1980-01-01,Saskatchewan,3.8
1980-02-01,Saskatchewan,4.1
1980-03-01,Saskatchewan,4.2
1980-04-01,Saskatchewan,4.1
1980-05-01,Saskatchewan,4.1
1980-06-01,Saskatchewan,4.2
1980-07-01,Saskatchewan,4.7
1980-08-01,Saskatchewan,4.4
1980-09-01,Saskatchewan,4.6
1980-10-01,Saskatchewan,4.6
1980-11-01,Saskatchewan,4.4
1980-12-01,Saskatchewan,4.5
1981-01-01,Saskatchewan,4.7
1981-02-01,Saskatchewan,5.1
1981-03-01,Saskatchewan,4.5
1981-04-01,Saskatchewan,4.2
1981-05-01,Saskatchewan,4.2
1981-06-01,Saskatchewan,4.3
1981-07-01,Saskatchewan,3.7
1981-08-01,Saskatchewan,4.2
1981-09-01,Saskatchewan,4.7
1981-10-01,Saskatchewan,4.5
1981-11-01,Saskatchewan,4.9
1981-12-01,Saskatchewan,4.6
1982-01-01,Saskatchewan,4.3
1982-02-01,Saskatchewan,4.8
1982-03-01,Saskatchewan,4.8
1982-04-01,Saskatchewan,5.6
1982-05-01,Saskatchewan,5.9
1982-06-01,Saskatchewan,6.7
1982-07-01,Saskatchewan,7.3
1982-08-01,Saskatchewan,7.3
1982-09-01,Saskatchewan,7.3
1982-10-01,Saskatchewan,7.5
1982-11-01,Saskatchewan,7.5
1982-12-01,Saskatchewan,7.3
1983-01-01,Saskatchewan,7.9
1983-02-01,Saskatchewan,7.4
1983-03-01,Saskatchewan,7.1
1983-04-01,Saskatchewan,7.8
1983-05-01,Saskatchewan,7.9
1983-06-01,Saskatchewan,7.5
1983-07-01,Saskatchewan,7.4
1983-08-01,Saskatchewan,7.7
1983-09-01,Saskatchewan,7.8
1983-10-01,Saskatchewan,7.8
1983-11-01,Saskatchewan,7.7
1983-12-01,Saskatchewan,7.8
1984-01-01,Saskatchewan,7.5
1984-02-01,Saskatchewan,7.9
1984-03-01,Saskatchewan,8.1
1984-04-01,Saskatchewan,7.8
1984-05-01,Saskatchewan,8.1
1984-06-01,Saskatchewan,8.2
1984-07-01,Saskatchewan,7.9
1984-08-01,Saskatchewan,7.8
1984-09-01,Saskatchewan,8.7
1984-10-01,Saskatchewan,8.3
1984-11-01,Saskatchewan,8.6
1984-12-01,Saskatchewan,8.5
1985-01-01,Saskatchewan,8.1
1985-02-01,Saskatchewan,8.1
1985-03-01,Saskatchewan,8.2
1985-04-01,Saskatchewan,8.3
1985-05-01,Saskatchewan,8.2
1985-06-01,Saskatchewan,8.1
1985-07-01,Saskatchewan,8.0
1985-08-01,Saskatchewan,8.5
1985-09-01,Saskatchewan,7.9
1985-10-01,Saskatchewan,8.0
1985-11-01,Saskatchewan,8.0
1985-12-01,Saskatchewan,8.2
1986-01-01,Saskatchewan,7.8
1986-02-01,Saskatchewan,7.8
1986-03-01,Saskatchewan,8.3
1986-04-01,Saskatchewan,7.7
1986-05-01,Saskatchewan,7.9
1986-06-01,Saskatchewan,8.0
1986-07-01,Saskatchewan,7.8
1986-08-01,Saskatchewan,7.5
1986-09-01,Saskatchewan,7.6
1986-10-01,Saskatchewan,7.5
1986-11-01,Saskatchewan,7.5
1986-12-01,Saskatchewan,7.2
1987-01-01,Saskatchewan,7.5
1987-02-01,Saskatchewan,7.2
1987-03-01,Saskatchewan,7.1
1987-04-01,Saskatchewan,7.2
1987-05-01,Saskatchewan,7.6
1987-06-01,Saskatchewan,7.1
1987-07-01,Saskatchewan,7.6
1987-08-01,Saskatchewan,7.6
1987-09-01,Saskatchewan,7.1
1987-10-01,Saskatchewan,7.1
1987-11-01,Saskatchewan,7.3
1987-12-01,Saskatchewan,7.0
1988-01-01,Saskatchewan,7.9
1988-02-01,Saskatchewan,7.2
1988-03-01,Saskatchewan,7.7
1988-04-01,Saskatchewan,7.1
1988-05-01,Saskatchewan,6.7
1988-06-01,Saskatchewan,7.0
1988-07-01,Saskatchewan,6.7
1988-08-01,Saskatchewan,7.2
1988-09-01,Saskatchewan,7.3
1988-10-01,Saskatchewan,7.6
1988-11-01,Saskatchewan,7.8
1988-12-01,Saskatchewan,7.7
1989-01-01,Saskatchewan,7.6
1989-02-01,Saskatchewan,7.9
1989-03-01,Saskatchewan,7.4
1989-04-01,Saskatchewan,7.5
1989-05-01,Saskatchewan,7.4
1989-06-01,Saskatchewan,7.3
1989-07-01,Saskatchewan,7.4
1989-08-01,Saskatchewan,7.1
1989-09-01,Saskatchewan,7.4
1989-10-01,Saskatchewan,7.1
1989-11-01,Saskatchewan,7.2
1989-12-01,Saskatchewan,6.9
1990-01-01,Saskatchewan,7.7
1990-02-01,Saskatchewan,7.0
1990-03-01,Saskatchewan,6.8
1990-04-01,Saskatchewan,7.1
1990-05-01,Saskatchewan,7.1
1990-06-01,Saskatchewan,7.2
1990-07-01,Saskatchewan,6.8
1990-08-01,Saskatchewan,7.0
1990-09-01,Saskatchewan,6.8
1990-10-01,Saskatchewan,7.1
1990-11-01,Saskatchewan,7.0
1990-12-01,Saskatchewan,7.0
1991-01-01,Saskatchewan,7.2
1991-02-01,Saskatchewan,7.7
1991-03-01,Saskatchewan,7.4
1991-04-01,Saskatchewan,7.6
1991-05-01,Saskatchewan,7.6
1991-06-01,Saskatchewan,7.4
1991-07-01,Saskatchewan,7.3
1991-08-01,Saskatchewan,7.3
1991-09-01,Saskatchewan,7.0
1991-10-01,Saskatchewan,7.4
1991-11-01,Saskatchewan,7.1
1991-12-01,Saskatchewan,7.1
1992-01-01,Saskatchewan,7.1
1992-02-01,Saskatchewan,6.9
1992-03-01,Saskatchewan,7.4
1992-04-01,Saskatchewan,7.4
1992-05-01,Saskatchewan,7.6
1992-06-01,Saskatchewan,8.3
1992-07-01,Saskatchewan,8.2
1992-08-01,Saskatchewan,8.2
1992-09-01,Saskatchewan,8.5
1992-10-01,Saskatchewan,8.6
1992-11-01,Saskatchewan,8.9
1992-12-01,Saskatchewan,9.0
1993-01-01,Saskatchewan,8.9
1993-02-01,Saskatchewan,8.4
1993-03-01,Saskatchewan,8.5
1993-04-01,Saskatchewan,8.3
1993-05-01,Saskatchewan,8.3
1993-06-01,Saskatchewan,8.3
1993-07-01,Saskatchewan,8.3
1993-08-01,Saskatchewan,8.3
1993-09-01,Saskatchewan,8.4
1993-10-01,Saskatchewan,7.7
1993-11-01,Saskatchewan,7.9
1993-12-01,Saskatchewan,8.3
1994-01-01,Saskatchewan,7.8
1994-02-01,Saskatchewan,7.3
1994-03-01,Saskatchewan,7.1
1994-04-01,Saskatchewan,7.4
1994-05-01,Saskatchewan,7.0
1994-06-01,Saskatchewan,6.7
1994-07-01,Saskatchewan,6.2
1994-08-01,Saskatchewan,6.4
1994-09-01,Saskatchewan,6.4
1994-10-01,Saskatchewan,7.2
1994-11-01,Saskatchewan,6.4
1994-12-01,Saskatchewan,6.1
1995-01-01,Saskatchewan,6.2
1995-02-01,Saskatchewan,6.5
1995-03-01,Saskatchewan,6.3
1995-04-01,Saskatchewan,6.3
1995-05-01,Saskatchewan,7.2
1995-06-01,Saskatchewan,6.2
1995-07-01,Saskatchewan,6.9
1995-08-01,Saskatchewan,7.1
1995-09-01,Saskatchewan,7.0
1995-10-01,Saskatchewan,6.7
1995-11-01,Saskatchewan,7.4
1995-12-01,Saskatchewan,7.2
1996-01-01,Saskatchewan,7.3
1996-02-01,Saskatchewan,7.3
1996-03-01,Saskatchewan,7.4
1996-04-01,Saskatchewan,6.9
1996-05-01,Saskatchewan,6.8
1996-06-01,Saskatchewan,6.8
1996-07-01,Saskatchewan,6.6
1996-08-01,Saskatchewan,6.3
1996-09-01,Saskatchewan,6.1
1996-10-01,Saskatchewan,5.5
1996-11-01,Saskatchewan,5.5
1996-12-01,Saskatchewan,5.8
1997-01-01,Saskatchewan,6.0
1997-02-01,Saskatchewan,6.3
1997-03-01,Saskatchewan,6.2
1997-04-01,Saskatchewan,6.1
1997-05-01,Saskatchewan,5.9
1997-06-01,Saskatchewan,6.0
1997-07-01,Saskatchewan,5.7
1997-08-01,Saskatchewan,5.6
1997-09-01,Saskatchewan,6.0
1997-10-01,Saskatchewan,6.1
1997-11-01,Saskatchewan,6.1
1997-12-01,Saskatchewan,5.2
1998-01-01,Saskatchewan,5.3
1998-02-01,Saskatchewan,5.3
1998-03-01,Saskatchewan,5.4
1998-04-01,Saskatchewan,5.7
1998-05-01,Saskatchewan,5.3
1998-06-01,Saskatchewan,6.0
1998-07-01,Saskatchewan,6.1
1998-08-01,Saskatchewan,6.3
1998-09-01,Saskatchewan,5.9
1998-10-01,Saskatchewan,6.0
1998-11-01,Saskatchewan,6.2
1998-12-01,Saskatchewan,6.3
1999-01-01,Saskatchewan,6.4
1999-02-01,Saskatchewan,6.8
1999-03-01,Saskatchewan,6.6
1999-04-01,Saskatchewan,6.4
1999-05-01,Saskatchewan,7.1
1999-06-01,Saskatchewan,5.6
1999-07-01,Saskatchewan,5.9
1999-08-01,Saskatchewan,5.8
1999-09-01,Saskatchewan,5.3
1999-10-01,Saskatchewan,5.7
1999-11-01,Saskatchewan,5.3
1999-12-01,Saskatchewan,5.1
2000-01-01,Saskatchewan,4.9
2000-02-01,Saskatchewan,4.6
2000-03-01,Saskatchewan,4.8
2000-04-01,Saskatchewan,4.7
2000-05-01,Saskatchewan,5.1
2000-06-01,Saskatchewan,5.5
2000-07-01,Saskatchewan,5.4
2000-08-01,Saskatchewan,5.7
2000-09-01,Saskatchewan,5.5
2000-10-01,Saskatchewan,5.2
2000-11-01,Saskatchewan,4.9
2000-12-01,Saskatchewan,5.0
2001-01-01,Saskatchewan,5.4
2001-02-01,Saskatchewan,5.8
2001-03-01,Saskatchewan,5.7
2001-04-01,Saskatchewan,6.0
2001-05-01,Saskatchewan,6.0
2001-06-01,Saskatchewan,5.7
2001-07-01,Saskatchewan,5.7
2001-08-01,Saskatchewan,5.4
2001-09-01,Saskatchewan,5.9
2001-10-01,Saskatchewan,5.8
2001-11-01,Saskatchewan,6.0
2001-12-01,Saskatchewan,5.9
2002-01-01,Saskatchewan,5.8
2002-02-01,Saskatchewan,5.6
2002-03-01,Saskatchewan,5.8
2002-04-01,Saskatchewan,5.9
2002-05-01,Saskatchewan,6.0
2002-06-01,Saskatchewan,5.6
2002-07-01,Saskatchewan,5.3
2002-08-01,Saskatchewan,5.2
2002-09-01,Saskatchewan,5.4
2002-10-01,Saskatchewan,6.1
2002-11-01,Saskatchewan,5.7
2002-12-01,Saskatchewan,6.0
2003-01-01,Saskatchewan,5.9
2003-02-01,Saskatchewan,6.2
2003-03-01,Saskatchewan,5.7
2003-04-01,Saskatchewan,5.4
2003-05-01,Saskatchewan,5.7
2003-06-01,Saskatchewan,5.4
2003-07-01,Saskatchewan,5.3
2003-08-01,Saskatchewan,5.4
2003-09-01,Saskatchewan,5.5
2003-10-01,Saskatchewan,5.7
2003-11-01,Saskatchewan,5.8
2003-12-01,Saskatchewan,5.8
2004-01-01,Saskatchewan,5.6
2004-02-01,Saskatchewan,5.4
2004-03-01,Saskatchewan,5.8
2004-04-01,Saskatchewan,5.4
2004-05-01,Saskatchewan,4.7
2004-06-01,Saskatchewan,5.1
2004-07-01,Saskatchewan,5.3
2004-08-01,Saskatchewan,5.0
2004-09-01,Saskatchewan,5.6
2004-10-01,Saskatchewan,4.9
2004-11-01,Saskatchewan,5.2
2004-12-01,Saskatchewan,5.3
2005-01-01,Saskatchewan,4.9
2005-02-01,Saskatchewan,4.9
2005-03-01,Saskatchewan,5.0
2005-04-01,Saskatchewan,5.1
2005-05-01,Saskatchewan,4.5
2005-06-01,Saskatchewan,4.7
2005-07-01,Saskatchewan,4.6
2005-08-01,Saskatchewan,4.9
2005-09-01,Saskatchewan,6.0
2005-10-01,Saskatchewan,5.3
2005-11-01,Saskatchewan,5.3
2005-12-01,Saskatchewan,5.2
2006-01-01,Saskatchewan,5.1
2006-02-01,Saskatchewan,5.4
2006-03-01,Saskatchewan,5.0
2006-04-01,Saskatchewan,4.9
2006-05-01,Saskatchewan,4.8
2006-06-01,Saskatchewan,5.0
2006-07-01,Saskatchewan,4.7
2006-08-01,Saskatchewan,5.1
2006-09-01,Saskatchewan,4.5
2006-10-01,Saskatchewan,3.9
2006-11-01,Saskatchewan,4.3
2006-12-01,Saskatchewan,4.2
2007-01-01,Saskatchewan,4.5
2007-02-01,Saskatchewan,4.3
2007-03-01,Saskatchewan,4.2
2007-04-01,Saskatchewan,4.2
2007-05-01,Saskatchewan,4.6
2007-06-01,Saskatchewan,4.6
2007-07-01,Saskatchewan,4.5
2007-08-01,Saskatchewan,4.8
2007-09-01,Saskatchewan,3.7
2007-10-01,Saskatchewan,4.3
2007-11-01,Saskatchewan,4.4
2007-12-01,Saskatchewan,4.0
2008-01-01,Saskatchewan,4.3
2008-02-01,Saskatchewan,4.5
2008-03-01,Saskatchewan,4.4
2008-04-01,Saskatchewan,4.3
2008-05-01,Saskatchewan,4.2
2008-06-01,Saskatchewan,3.9
2008-07-01,Saskatchewan,4.5
2008-08-01,Saskatchewan,4.1
2008-09-01,Saskatchewan,4.1
2008-10-01,Saskatchewan,4.0
2008-11-01,Saskatchewan,3.9
2008-12-01,Saskatchewan,5.0
2009-01-01,Saskatchewan,4.4
2009-02-01,Saskatchewan,5.0
2009-03-01,Saskatchewan,4.8
2009-04-01,Saskatchewan,4.9
2009-05-01,Saskatchewan,5.2
2009-06-01,Saskatchewan,4.7
2009-07-01,Saskatchewan,5.1
2009-08-01,Saskatchewan,4.9
2009-09-01,Saskatchewan,5.1
2009-10-01,Saskatchewan,5.7
2009-11-01,Saskatchewan,5.4
2009-12-01,Saskatchewan,5.0
2010-01-01,Saskatchewan,4.8
2010-02-01,Saskatchewan,4.5
2010-03-01,Saskatchewan,5.1
2010-04-01,Saskatchewan,5.1
2010-05-01,Saskatchewan,5.0
2010-06-01,Saskatchewan,5.7
2010-07-01,Saskatchewan,5.4
2010-08-01,Saskatchewan,5.0
2010-09-01,Saskatchewan,6.0
2010-10-01,Saskatchewan,6.3
2010-11-01,Saskatchewan,5.6
2010-12-01,Saskatchewan,5.4
2011-01-01,Saskatchewan,5.4
2011-02-01,Saskatchewan,5.4
2011-03-01,Saskatchewan,5.0
2011-04-01,Saskatchewan,5.1
2011-05-01,Saskatchewan,5.1
2011-06-01,Saskatchewan,4.7
2011-07-01,Saskatchewan,5.0
2011-08-01,Saskatchewan,4.8
2011-09-01,Saskatchewan,4.5
2011-10-01,Saskatchewan,4.4
2011-11-01,Saskatchewan,5.0
2011-12-01,Saskatchewan,4.7
2012-01-01,Saskatchewan,4.7
2012-02-01,Saskatchewan,5.0
2012-03-01,Saskatchewan,5.1
2012-04-01,Saskatchewan,5.1
2012-05-01,Saskatchewan,4.7
2012-06-01,Saskatchewan,5.0
2012-07-01,Saskatchewan,4.7
2012-08-01,Saskatchewan,4.7
2012-09-01,Saskatchewan,4.9
2012-10-01,Saskatchewan,4.6
2012-11-01,Saskatchewan,4.7
2012-12-01,Saskatchewan,4.8
2013-01-01,Saskatchewan,4.0
2013-02-01,Saskatchewan,4.2
2013-03-01,Saskatchewan,4.0
2013-04-01,Saskatchewan,4.3
2013-05-01,Saskatchewan,4.6
2013-06-01,Saskatchewan,4.0
2013-07-01,Saskatchewan,4.4
2013-08-01,Saskatchewan,4.2
2013-09-01,Saskatchewan,4.3
2013-10-01,Saskatchewan,3.9
2013-11-01,Saskatchewan,4.2
2013-12-01,Saskatchewan,4.4
2014-01-01,Saskatchewan,4.5
2014-02-01,Saskatchewan,3.9
2014-03-01,Saskatchewan,4.4
2014-04-01,Saskatchewan,3.5
2014-05-01,Saskatchewan,3.8
2014-06-01,Saskatchewan,4.0
2014-07-01,Saskatchewan,3.4
2014-08-01,Saskatchewan,4.4
2014-09-01,Saskatchewan,3.7
2014-10-01,Saskatchewan,3.8
2014-11-01,Saskatchewan,3.7
2014-12-01,Saskatchewan,3.7
2015-01-01,Saskatchewan,4.8
2015-02-01,Saskatchewan,5.1
2015-03-01,Saskatchewan,4.4
2015-04-01,Saskatchewan,4.4
2015-05-01,Saskatchewan,5.0
2015-06-01,Saskatchewan,4.8
2015-07-01,Saskatchewan,5.5
2015-08-01,Saskatchewan,5.2
2015-09-01,Saskatchewan,5.3
2015-10-01,Saskatchewan,5.9
2015-11-01,Saskatchewan,5.9
2015-12-01,Saskatchewan,6.0
2016-01-01,Saskatchewan,5.9
2016-02-01,Saskatchewan,6.1
2016-03-01,Saskatchewan,6.3
2016-04-01,Saskatchewan,6.7
2016-05-01,Saskatchewan,6.1
2016-06-01,Saskatchewan,6.4
2016-07-01,Saskatchewan,6.2
2016-08-01,Saskatchewan,6.4
2016-09-01,Saskatchewan,6.8
2016-10-01,Saskatchewan,7.0
2016-11-01,Saskatchewan,7.1
2016-12-01,Saskatchewan,6.4
2017-01-01,Saskatchewan,6.9
2017-02-01,Saskatchewan,6.2
2017-03-01,Saskatchewan,6.3
2017-04-01,Saskatchewan,6.2
2017-05-01,Saskatchewan,6.6
2017-06-01,Saskatchewan,6.4
2017-07-01,Saskatchewan,6.8
2017-08-01,Saskatchewan,6.2
2017-09-01,Saskatchewan,6.3
2017-10-01,Saskatchewan,6.2
2017-11-01,Saskatchewan,6.4
2017-12-01,Saskatchewan,6.5
2018-01-01,Saskatchewan,5.8
2018-02-01,Saskatchewan,5.8
2018-03-01,Saskatchewan,6.1
2018-04-01,Saskatchewan,6.2
2018-05-01,Saskatchewan,6.6
2018-06-01,Saskatchewan,6.4
2018-07-01,Saskatchewan,6.3
2018-08-01,Saskatchewan,6.5
2018-09-01,Saskatchewan,6.5
2018-10-01,Saskatchewan,6.3
2018-11-01,Saskatchewan,5.4
2018-12-01,Saskatchewan,5.6
2019-01-01,Saskatchewan,5.5
2019-02-01,Saskatchewan,5.9
2019-03-01,Saskatchewan,5.1
2019-04-01,Saskatchewan,5.4
2019-05-01,Saskatchewan,5.3
2019-06-01,Saskatchewan,5.1
2019-07-01,Saskatchewan,5.6
2019-08-01,Saskatchewan,5.3
2019-09-01,Saskatchewan,5.5
2019-10-01,Saskatchewan,5.3
2019-11-01,Saskatchewan,6.4
2019-12-01,Saskatchewan,6.2
2020-01-01,Saskatchewan,5.9
2020-02-01,Saskatchewan,6.6
2020-03-01,Saskatchewan,7.3
2020-04-01,Saskatchewan,11.1
2020-05-01,Saskatchewan,12.2
2020-06-01,Saskatchewan,11.2
2020-07-01,Saskatchewan,9.2
2020-08-01,Saskatchewan,8.0
2020-09-01,Saskatchewan,6.9
2020-10-01,Saskatchewan,6.7
2020-11-01,Saskatchewan,7.2
2020-12-01,Saskatchewan,7.5
2021-01-01,Saskatchewan,7.0
2021-02-01,Saskatchewan,7.2
2021-03-01,Saskatchewan,7.0
2021-04-01,Saskatchewan,6.3
2021-05-01,Saskatchewan,6.5
2021-06-01,Saskatchewan,6.9
2021-07-01,Saskatchewan,6.8
2021-08-01,Saskatchewan,6.7
2021-09-01,Saskatchewan,6.4
2021-10-01,Saskatchewan,5.9
2021-11-01,Saskatchewan,5.5
2021-12-01,Saskatchewan,5.6
2022-01-01,Saskatchewan,5.4
2022-02-01,Saskatchewan,4.6
2022-03-01,Saskatchewan,4.9
2022-04-01,Saskatchewan,5.2
2022-05-01,Saskatchewan,4.6
2022-06-01,Saskatchewan,4.0
2022-07-01,Saskatchewan,4.1
2022-08-01,Saskatchewan,4.5
2022-09-01,Saskatchewan,4.3
2022-10-01,Saskatchewan,4.9
2022-11-01,Saskatchewan,4.4
2022-12-01,Saskatchewan,4.3
2023-01-01,Saskatchewan,4.3
2023-02-01,Saskatchewan,4.4
2023-03-01,Saskatchewan,4.7
2023-04-01,Saskatchewan,4.7
2023-05-01,Saskatchewan,4.5
2023-06-01,Saskatchewan,5.0
2023-07-01,Saskatchewan,5.2
2023-08-01,Saskatchewan,5.4
2023-09-01,Saskatchewan,4.8
2023-10-01,Saskatchewan,4.3
2023-11-01,Saskatchewan,4.9
2023-12-01,Saskatchewan,4.8
2024-01-01,Saskatchewan,4.8
2024-02-01,Saskatchewan,5.0
2024-03-01,Saskatchewan,5.4
2024-04-01,Saskatchewan,5.8
2024-05-01,Saskatchewan,5.6
2024-06-01,Saskatchewan,5.5
2024-07-01,Saskatchewan,5.4
2024-08-01,Saskatchewan,5.5
2024-09-01,Saskatchewan,5.5
2024-10-01,Saskatchewan,6.0
2024-11-01,Saskatchewan,5.7
2024-12-01,Saskatchewan,5.6
2025-01-01,Saskatchewan,5.2
2025-02-01,Saskatchewan,5.3
2025-03-01,Saskatchewan,4.9
2025-04-01,Saskatchewan,4.4
2025-05-01,Saskatchewan,4.3
2025-06-01,Saskatchewan,4.9
2025-07-01,Saskatchewan,5.1
2025-08-01,Saskatchewan,4.8
2025-09-01,Saskatchewan,6.0
2025-10-01,Saskatchewan,5.5
2025-11-01,Saskatchewan,5.7
2025-12-01,Saskatchewan,6.4
2026-01-01,Saskatchewan,5.3
2026-02-01,Saskatchewan,5.6
